id	overall_score	Ideas	Organization	Style	Conventions	total_words	total_sentences	words_div_sentences	sent_density
17834	15	1	2	2	3	94	3	31.333333333333332	3.33
17836	13	2	2	2	2	101	3	33.666666666666664	3.19
17837	15	2	2	2	2	166	1	166.0	0.64
17838	17	2	2	2	3	257	13	19.76923076923077	5.91
17839	13	1	2	2	2	173	12	14.416666666666666	7.95
17840	23	3	3	3	3	426	33	12.909090909090908	9.62
17841	16	2	2	2	2	185	11	16.818181818181817	6.47
17842	18	2	2	2	3	142	7	20.285714285714285	5.56
17843	12	2	2	2	2	369	6	61.5	1.68
17844	10	1	1	2	2	100	9	11.11111111111111	10.23
17845	16	2	2	2	2	190	9	21.11111111111111	5.08
17846	19	2	2	3	3	138	9	15.333333333333334	7.5
17847	17	2	2	2	3	208	11	18.90909090909091	5.88
17849	14	2	2	2	2	182	10	18.2	6.06
17850	12	2	2	1	2	182	4	45.5	2.41
17851	16	2	2	2	2	198	13	15.23076923076923	7.74
17852	17	2	3	2	2	264	17	15.529411764705882	7.52
17853	16	2	2	2	2	104	8	13.0	8.6
17854	21	3	3	2	3	204	12	17.0	6.59
17856	14	1	2	2	3	154	12	12.833333333333334	8.63
17857	18	2	2	2	3	168	9	18.666666666666668	5.81
17858	24	3	3	3	3	213	16	13.3125	8.16
17859	17	2	2	2	3	209	11	19.0	5.95
17860	16	2	2	2	2	210	13	16.153846153846153	6.91
17861	16	2	2	2	2	147	5	29.4	3.57
17862	9	1	1	1	2	112	9	12.444444444444445	8.74
17863	6	0	1	1	1	59	4	14.75	7.84
17864	10	2	2	1	1	117	4	29.25	3.74
17865	17	2	3	2	2	362	15	24.133333333333333	5.43
17867	16	2	2	2	2	194	12	16.166666666666668	6.86
17868	15	2	2	2	2	378	18	21.0	5.36
17869	11	1	1	2	2	127	10	12.7	8.77
17870	19	2	3	3	3	152	2	76.0	1.52
17871	24	3	3	3	3	475	29	16.379310344827587	7.32
17872	18	2	2	3	3	186	13	14.307692307692308	8.28
17873	16	2	2	2	3	219	16	13.6875	7.96
17874	20	3	3	2	3	187	8	23.375	4.73
17875	12	2	2	2	2	186	6	31.0	3.37
17876	19	3	3	2	3	256	14	18.285714285714285	6.28
17878	10	0	2	2	2	153	11	13.909090909090908	8.73
17879	7	1	1	1	1	60	5	12.0	11.36
17880	16	2	2	2	2	124	7	17.714285714285715	6.31
17881	12	1	1	2	2	199	10	19.9	5.41
17882	12	1	2	2	2	77	3	25.666666666666668	4.11
17883	20	3	3	3	3	239	15	15.933333333333334	6.94
17884	24	3	3	3	3	290	20	14.5	8.77
17885	9	2	2	1	1	139	4	34.75	3.03
17886	9	1	1	1	2	74	6	12.333333333333334	9.09
17887	20	3	3	2	2	287	23	12.478260869565217	9.13
17888	16	2	2	2	2	224	14	16.0	7.18
17889	8	0	1	1	2	142	8	17.75	6.15
17890	15	2	2	2	2	135	7	19.285714285714285	5.6
17891	20	3	3	3	3	82	9	9.11111111111111	14.06
17892	17	2	3	2	2	196	14	14.0	8.14
17893	18	3	3	2	2	103	6	17.166666666666668	6.45
17894	13	2	2	2	2	48	4	12.0	9.09
17896	12	1	1	2	2	374	13	28.76923076923077	4.23
17897	20	3	2	3	3	191	7	27.285714285714285	3.98
17898	16	2	2	2	2	218	15	14.533333333333333	7.73
17899	24	3	3	3	3	732	51	14.352941176470589	8.39
17900	16	2	2	2	2	176	7	25.142857142857142	4.4
17901	10	2	2	1	1	103	11	9.363636363636363	12.09
17902	17	2	3	2	2	266	15	17.733333333333334	6.3
17903	12	2	1	2	2	93	5	18.6	6.02
17904	17	2	2	2	3	147	11	13.363636363636363	9.65
17905	8	1	1	1	1	79	1	79.0	1.28
17906	22	3	3	3	3	237	13	18.23076923076923	7.43
17908	24	3	3	3	3	213	10	21.3	5.21
17909	21	3	3	2	3	219	10	21.9	5.0
17910	19	3	3	3	2	256	18	14.222222222222221	7.86
17911	19	3	3	2	3	219	20	10.95	10.81
17912	12	2	2	2	2	213	13	16.384615384615383	7.3
17913	16	2	2	2	3	124	7	17.714285714285715	6.25
17914	12	0	2	3	2	122	4	30.5	3.54
17915	15	2	2	2	2	125	6	20.833333333333332	5.13
17916	9	1	1	1	2	94	4	23.5	4.6
17917	8	2	1	1	1	110	3	36.666666666666664	2.78
17918	14	2	2	2	2	143	6	23.833333333333332	4.44
17919	23	3	3	3	3	279	17	16.41176470588235	6.56
17920	14	2	2	2	2	88	6	14.666666666666666	9.23
17921	10	1	1	2	1	223	6	37.166666666666664	2.82
17922	17	2	2	2	3	148	11	13.454545454545455	8.59
17923	21	3	3	3	3	224	17	13.176470588235293	8.37
17924	24	3	3	3	3	394	30	13.133333333333333	10.03
17926	21	3	3	2	3	320	16	20.0	5.42
17927	6	1	1	1	0	128	8	16.0	6.72
17928	12	1	2	2	2	181	4	45.25	2.31
17930	21	3	3	3	3	238	13	18.307692307692307	5.8
17931	24	3	3	3	3	208	17	12.235294117647058	9.09
17932	24	3	3	3	3	403	25	16.12	7.53
17933	15	2	2	2	2	115	10	11.5	10.31
17935	14	2	2	2	2	132	6	22.0	4.76
17936	9	1	1	2	2	54	4	13.5	8.16
17937	9	1	1	1	2	72	5	14.4	7.69
17938	9	0	1	2	2	332	17	19.529411764705884	5.45
17939	22	3	3	3	3	290	23	12.608695652173912	9.09
17940	8	1	1	1	1	89	7	12.714285714285714	8.75
17941	15	2	2	2	2	155	5	31.0	3.55
17942	20	2	3	3	3	139	5	27.8	4.31
17943	10	2	2	1	1	175	4	43.75	2.4
17944	18	3	3	2	2	180	11	16.363636363636363	7.33
17945	18	2	3	3	3	148	5	29.6	3.79
17946	14	2	2	2	2	87	5	17.4	6.41
17947	23	3	3	3	3	411	35	11.742857142857142	10.42
17949	6	0	1	1	1	107	6	17.833333333333332	6.45
17950	11	1	1	2	2	73	5	14.6	7.81
17951	9	1	1	1	2	74	2	37.0	3.08
17952	21	2	3	3	3	236	15	15.733333333333333	7.35
17953	16	2	2	2	2	172	9	19.11111111111111	5.81
17954	11	2	2	1	2	182	13	14.0	8.07
17955	20	2	2	3	3	173	6	28.833333333333332	4.14
17957	8	0	1	2	2	89	5	17.8	6.25
17959	7	0	1	1	2	90	4	22.5	4.76
17961	17	2	2	2	3	188	9	20.88888888888889	5.42
17962	14	0	2	2	3	165	9	18.333333333333332	6.0
17963	22	3	3	3	2	518	13	39.84615384615385	2.8
17964	21	3	3	3	3	201	17	11.823529411764707	10.43
17965	12	1	2	2	2	179	11	16.272727272727273	6.59
17966	18	2	3	2	3	209	13	16.076923076923077	6.91
17967	12	2	2	2	2	383	19	20.157894736842106	5.96
17968	19	2	2	3	3	172	12	14.333333333333334	8.39
17969	16	2	2	2	2	141	7	20.142857142857142	5.79
17970	11	1	2	2	2	61	5	12.2	8.93
17971	18	2	3	3	2	318	12	26.5	4.35
17973	15	2	2	2	2	157	7	22.428571428571427	4.93
17974	17	2	2	2	3	234	15	15.6	7.11
17975	16	2	2	2	2	251	17	14.764705882352942	8.06
17976	9	0	1	2	2	130	9	14.444444444444445	7.76
17977	16	2	2	2	2	78	3	26.0	4.11
17978	9	1	1	2	1	86	9	9.555555555555555	11.84
17979	17	2	3	2	2	142	2	71.0	1.48
17980	24	3	3	3	3	231	12	19.25	5.88
17981	11	1	2	2	2	163	12	13.583333333333334	8.28
17982	9	1	2	1	1	103	8	12.875	8.79
17983	18	3	3	2	2	160	11	14.545454545454545	7.59
17984	18	2	2	2	3	176	16	11.0	10.53
17985	14	2	2	2	2	135	9	15.0	8.11
17986	17	2	2	2	3	309	22	14.045454545454545	8.3
17987	18	2	2	3	3	239	12	19.916666666666668	5.58
17988	15	2	2	2	2	118	7	16.857142857142858	6.42
17989	13	2	1	2	2	83	6	13.833333333333334	7.89
17990	11	1	1	2	3	216	3	72.0	1.48
17991	24	3	3	3	3	390	30	13.0	8.98
17992	7	0	1	1	2	33	2	16.5	6.45
17993	17	3	3	2	2	173	7	24.714285714285715	4.49
17996	11	2	2	2	1	90	1	90.0	1.16
17997	16	2	3	2	2	224	8	28.0	4.02
17998	17	2	2	2	3	183	12	15.25	7.36
18000	22	3	3	3	3	344	25	13.76	8.47
18001	12	2	2	2	2	74	5	14.8	7.46
18002	12	2	2	2	1	239	9	26.555555555555557	4.25
18004	16	2	2	2	2	201	19	10.578947368421053	10.61
18005	20	3	3	3	2	289	21	13.761904761904763	8.94
18006	16	2	2	2	2	236	18	13.11111111111111	8.53
18008	15	2	2	2	2	142	8	17.75	5.97
18011	8	0	1	2	2	96	2	48.0	2.3
18012	17	3	2	2	3	280	13	21.53846153846154	6.47
18013	13	2	2	2	2	175	6	29.166666666666668	3.73
18014	20	3	3	3	3	166	15	11.066666666666666	10.42
18015	14	2	2	2	1	274	2	137.0	0.77
18016	24	3	3	3	3	389	33	11.787878787878787	11.15
18017	17	2	2	2	3	236	19	12.421052631578947	9.0
18018	12	1	2	2	2	81	7	11.571428571428571	10.0
18019	20	3	3	3	3	310	17	18.235294117647058	6.07
18020	13	2	2	2	1	118	11	10.727272727272727	10.28
18021	16	2	2	2	2	117	4	29.25	3.88
18022	18	2	3	2	3	328	20	16.4	6.71
18023	12	2	2	2	2	186	10	18.6	6.13
18025	21	3	3	3	3	246	14	17.571428571428573	6.45
18026	19	3	3	2	3	138	9	15.333333333333334	6.98
18028	23	3	3	3	3	218	10	21.8	5.1
18029	17	2	3	2	2	221	11	20.09090909090909	5.73
18030	21	3	3	2	3	309	16	19.3125	5.84
18031	9	1	1	2	2	86	5	17.2	6.85
18032	15	2	2	2	2	110	5	22.0	5.0
18033	12	1	2	2	2	94	7	13.428571428571429	8.24
18034	24	3	3	3	3	469	29	16.17241379310345	6.73
18035	16	2	2	2	3	84	4	21.0	5.19
18036	8	1	1	1	1	54	3	18.0	5.88
18037	13	2	2	2	2	109	6	18.166666666666668	6.59
18038	21	3	3	3	3	189	14	13.5	8.0
18039	16	2	2	2	2	139	5	27.8	3.85
18040	9	1	1	1	2	64	2	32.0	3.33
18041	17	2	2	2	3	111	6	18.5	6.67
18042	16	2	2	2	2	147	8	18.375	6.3
18043	7	1	1	1	1	86	5	17.2	7.04
18044	16	2	2	2	2	173	15	11.533333333333333	10.42
18045	19	3	3	2	3	347	16	21.6875	5.33
18046	8	1	1	1	1	113	4	28.25	4.17
18047	22	3	3	3	3	251	14	17.928571428571427	6.28
18048	18	2	2	3	3	127	9	14.11111111111111	8.04
18049	18	3	3	2	2	259	5	51.8	2.07
18050	8	1	1	1	1	69	1	69.0	1.49
18051	18	2	3	2	3	226	11	20.545454545454547	6.11
18052	17	2	2	2	3	224	3	74.66666666666667	1.44
18053	24	3	3	3	3	270	19	14.210526315789474	8.48
18054	12	2	2	2	2	183	6	30.5	3.85
18055	16	2	2	2	2	190	13	14.615384615384615	7.88
18056	22	3	3	3	3	454	30	15.133333333333333	9.12
18057	14	2	2	2	2	137	5	27.4	3.94
18058	18	2	2	2	3	179	15	11.933333333333334	9.49
18060	8	1	1	1	1	97	1	97.0	1.06
18061	15	2	2	2	2	243	12	20.25	5.5
18062	17	2	2	2	3	157	11	14.272727272727273	7.86
18064	17	2	3	2	2	166	12	13.833333333333334	8.11
18065	14	2	2	2	2	214	16	13.375	8.42
18066	23	3	3	3	3	268	15	17.866666666666667	6.94
18067	17	2	3	2	3	184	11	16.727272727272727	9.4
18068	24	3	3	3	3	362	29	12.482758620689655	9.39
18070	20	2	2	3	3	125	7	17.857142857142858	6.19
18071	16	2	2	2	2	242	15	16.133333333333333	6.98
18072	15	2	2	2	2	171	11	15.545454545454545	7.14
18073	18	2	3	2	3	200	15	13.333333333333334	9.26
18074	17	2	3	3	2	282	7	40.285714285714285	2.67
18075	16	2	2	2	2	215	11	19.545454545454547	6.51
18076	13	2	2	2	1	244	6	40.666666666666664	2.69
18077	18	2	3	3	3	286	19	15.052631578947368	7.51
18078	19	3	3	2	3	181	17	10.647058823529411	11.26
18079	22	3	3	3	3	414	14	29.571428571428573	3.73
18080	8	0	1	2	2	203	7	29.0	3.98
18081	23	3	3	3	3	188	11	17.09090909090909	6.36
18082	14	2	2	2	1	142	2	71.0	1.44
18083	14	2	2	2	3	127	8	15.875	7.08
18084	15	2	2	2	2	161	6	26.833333333333332	4.17
18086	15	2	2	2	2	127	9	14.11111111111111	8.82
18087	19	2	3	2	3	190	13	14.615384615384615	7.83
18088	6	0	1	1	1	27	1	27.0	3.85
18089	21	3	3	2	3	263	20	13.15	9.76
18090	16	2	3	2	2	348	4	87.0	1.2
18091	7	1	1	1	1	51	1	51.0	2.13
18092	16	2	3	2	2	94	4	23.5	4.55
18093	14	2	2	2	2	118	8	14.75	7.69
18094	17	2	2	2	3	172	15	11.466666666666667	10.0
18095	15	0	2	3	3	211	15	14.066666666666666	7.65
18096	16	2	2	2	2	159	8	19.875	5.26
18097	17	2	2	2	3	163	15	10.866666666666667	11.45
18098	22	3	3	3	3	269	18	14.944444444444445	7.63
18099	17	2	2	2	3	294	19	15.473684210526315	8.76
18100	18	2	3	2	3	339	21	16.142857142857142	7.12
18102	13	1	2	2	3	57	4	14.25	7.55
18103	11	2	1	2	1	254	15	16.933333333333334	8.47
18105	17	2	3	2	2	171	8	21.375	5.03
18106	16	2	2	2	2	319	9	35.44444444444444	3.38
18107	13	1	2	2	2	185	10	18.5	5.85
18108	11	1	2	2	2	116	1	116.0	0.95
18109	8	1	1	1	1	40	1	40.0	2.56
18110	20	3	3	3	3	426	21	20.285714285714285	5.41
18112	17	2	2	2	3	127	9	14.11111111111111	9.38
18114	18	3	3	2	2	174	8	21.75	5.16
18115	15	2	2	2	2	181	10	18.1	6.13
18116	20	3	3	3	2	208	11	18.90909090909091	5.98
18117	19	3	3	2	3	159	9	17.666666666666668	6.16
18118	10	1	1	2	2	246	7	35.142857142857146	2.93
18119	16	2	2	2	2	308	6	51.333333333333336	1.99
18120	18	3	3	2	2	163	9	18.11111111111111	6.04
18121	14	1	1	2	3	179	14	12.785714285714286	8.92
18123	12	0	2	2	2	121	5	24.2	4.76
18124	15	2	2	2	2	202	11	18.363636363636363	6.55
18126	6	1	1	1	1	47	2	23.5	4.55
18127	18	3	3	2	2	301	12	25.083333333333332	4.36
18128	17	2	2	2	3	141	6	23.5	4.51
18129	13	2	2	1	2	138	9	15.333333333333334	7.38
18130	17	2	3	2	2	138	7	19.714285714285715	5.6
18131	15	2	2	2	2	109	6	18.166666666666668	6.67
18132	18	2	2	3	3	238	17	14.0	7.94
18133	13	2	2	2	2	43	5	8.6	18.52
18134	12	1	2	2	2	172	12	14.333333333333334	7.5
18135	12	2	2	2	2	139	6	23.166666666666668	4.62
18136	14	2	2	2	2	68	3	22.666666666666668	5.0
18137	15	2	2	2	2	109	6	18.166666666666668	6.19
18138	12	2	2	2	2	498	47	10.595744680851064	12.43
18140	18	2	2	2	3	146	8	18.25	5.97
18141	15	2	2	2	2	363	20	18.15	6.06
18142	21	3	3	3	3	374	19	19.68421052631579	5.92
18143	13	0	2	2	3	187	12	15.583333333333334	7.14
18144	16	2	2	2	2	136	7	19.428571428571427	5.51
18146	21	3	3	3	3	364	17	21.41176470588235	5.67
18147	16	2	2	2	2	144	5	28.8	4.1
18148	18	2	2	3	3	230	15	15.333333333333334	7.58
18149	10	1	2	1	2	31	1	31.0	3.33
18150	14	2	2	2	2	137	7	19.571428571428573	5.65
18151	16	2	2	2	3	163	12	13.583333333333334	8.05
18152	6	0	1	1	1	28	1	28.0	3.7
18153	24	3	3	3	3	357	19	18.789473684210527	6.09
18154	13	2	2	2	2	71	6	11.833333333333334	9.84
18156	18	2	3	3	2	123	5	24.6	4.59
18159	18	3	2	2	3	158	9	17.555555555555557	6.52
18160	23	3	3	3	3	235	18	13.055555555555555	9.0
18161	4	1	0	1	1	122	1	122.0	0.96
18162	19	3	3	2	3	328	25	13.12	9.03
18163	16	2	2	2	2	147	8	18.375	6.11
18164	19	3	3	2	3	205	10	20.5	5.15
18165	17	2	2	3	2	322	16	20.125	5.78
18166	17	2	3	2	2	224	11	20.363636363636363	5.61
18167	7	0	1	2	2	48	2	24.0	4.65
18168	17	2	3	2	3	163	14	11.642857142857142	10.53
18169	13	2	2	2	2	384	28	13.714285714285714	8.09
18170	14	2	2	2	2	241	15	16.066666666666666	6.91
18171	17	2	2	2	3	209	24	8.708333333333334	18.75
18172	23	3	3	3	3	347	36	9.63888888888889	12.63
18173	14	2	2	2	2	135	12	11.25	9.84
18174	23	3	3	3	3	400	23	17.391304347826086	7.21
18175	22	3	3	3	3	525	25	21.0	5.77
18177	13	2	2	2	2	83	7	11.857142857142858	9.46
18178	22	3	3	2	3	425	23	18.47826086956522	6.23
18179	5	0	1	1	1	43	4	10.75	10.26
18180	17	2	2	2	3	144	12	12.0	10.08
18181	17	3	2	2	2	176	10	17.6	6.21
18182	17	2	2	3	2	222	11	20.181818181818183	5.37
18183	16	2	2	2	2	187	9	20.77777777777778	5.14
18184	6	0	1	1	1	49	6	8.166666666666666	13.95
18185	13	2	2	2	1	130	5	26.0	4.1
18186	14	2	2	2	2	249	19	13.105263157894736	9.0
18187	21	3	3	3	3	364	23	15.826086956521738	7.49
18189	22	3	3	3	3	267	19	14.052631578947368	7.95
18190	14	2	2	2	2	131	5	26.2	4.13
18191	16	2	2	2	2	110	6	18.333333333333332	5.94
18192	20	3	3	3	3	204	18	11.333333333333334	10.84
18193	15	2	2	2	2	145	9	16.11111111111111	6.98
18194	13	1	2	2	3	224	13	17.23076923076923	7.07
18195	9	2	1	1	1	338	8	42.25	2.52
18196	8	1	1	2	1	126	1	126.0	0.82
18197	16	2	2	2	2	140	9	15.555555555555555	7.26
18198	20	3	3	2	3	275	12	22.916666666666668	4.8
18200	19	3	3	2	3	303	10	30.3	3.48
18201	21	3	3	3	3	255	23	11.08695652173913	11.44
18202	21	3	3	3	3	238	17	14.0	8.5
18203	7	1	1	1	1	30	2	15.0	7.41
18205	20	3	3	3	3	295	16	18.4375	6.18
18206	16	2	2	2	2	148	4	37.0	3.1
18207	12	2	2	2	1	310	13	23.846153846153847	5.33
18208	17	2	2	2	3	141	15	9.4	12.2
18209	16	2	2	2	2	187	4	46.75	2.3
18210	18	3	2	2	3	186	14	13.285714285714286	9.09
18211	17	2	2	2	3	256	11	23.272727272727273	4.93
18212	14	1	2	3	3	131	10	13.1	8.85
18213	22	3	3	2	3	245	21	11.666666666666666	9.55
18215	8	1	1	1	2	124	7	17.714285714285715	5.98
18217	17	2	2	2	3	149	13	11.461538461538462	10.0
18218	16	2	2	2	2	165	9	18.333333333333332	6.08
18219	7	1	1	1	1	183	6	30.5	3.64
18220	21	3	3	2	3	231	25	9.24	12.25
18221	8	1	1	1	2	39	5	7.8	15.15
18222	24	3	3	3	3	297	28	10.607142857142858	11.62
18223	20	3	3	3	2	168	14	12.0	9.93
18225	19	3	3	3	2	179	8	22.375	5.16
18226	21	3	3	2	3	260	16	16.25	6.69
18227	18	2	3	2	3	234	14	16.714285714285715	6.45
18228	12	0	2	2	3	142	8	17.75	6.06
18229	24	3	3	3	3	410	20	20.5	6.29
18230	17	2	3	2	2	301	16	18.8125	6.58
18231	23	3	3	3	3	199	14	14.214285714285714	7.82
18232	20	3	3	3	3	227	11	20.636363636363637	5.39
18233	10	0	1	2	2	119	11	10.818181818181818	10.68
18234	21	3	3	3	3	224	11	20.363636363636363	5.85
18235	18	3	3	2	2	435	18	24.166666666666668	4.83
18236	20	3	3	3	3	191	18	10.61111111111111	12.86
18237	18	3	2	3	2	165	15	11.0	11.54
18238	16	2	2	2	2	112	12	9.333333333333334	11.88
18239	7	1	1	1	1	58	5	11.6	9.43
18240	16	2	2	2	2	180	5	36.0	3.27
18241	20	3	3	3	3	219	11	19.90909090909091	5.42
18242	16	2	2	2	3	125	10	12.5	8.93
18243	24	3	3	3	3	508	26	19.53846153846154	5.5
18244	14	2	2	2	2	198	7	28.285714285714285	3.66
18245	9	0	1	2	2	99	12	8.25	14.12
18246	17	2	3	2	2	185	6	30.833333333333332	3.85
18247	10	2	2	1	1	208	10	20.8	5.15
18248	11	0	1	2	3	127	10	12.7	9.09
18249	13	1	1	2	3	168	5	33.6	3.25
18250	23	3	3	3	3	353	22	16.045454545454547	7.43
18251	11	1	1	2	2	117	10	11.7	9.9
18252	14	2	2	2	2	251	15	16.733333333333334	6.79
18253	12	1	2	2	2	85	6	14.166666666666666	8.0
18254	17	2	3	2	3	140	13	10.76923076923077	11.02
18255	20	3	3	2	3	213	16	13.3125	8.38
18256	22	3	3	2	3	318	21	15.142857142857142	8.2
18257	20	3	3	3	3	280	15	18.666666666666668	6.2
18258	9	1	2	1	1	98	6	16.333333333333332	6.59
18259	9	1	1	2	1	89	1	89.0	1.15
18260	13	0	2	2	3	181	10	18.1	6.45
18261	20	3	2	3	3	474	32	14.8125	9.5
18262	14	2	2	2	2	176	10	17.6	6.41
18263	11	2	2	2	1	98	4	24.5	4.6
18264	16	2	2	2	2	222	11	20.181818181818183	6.18
18265	15	2	2	2	2	113	7	16.142857142857142	6.6
18266	21	3	3	3	3	361	24	15.041666666666666	7.25
18267	11	0	2	2	2	65	4	16.25	6.67
18268	8	0	1	2	1	47	3	15.666666666666666	6.82
18269	14	2	2	2	2	97	10	9.7	11.9
18271	20	3	3	3	3	281	17	16.529411764705884	7.11
18272	11	1	1	2	2	190	12	15.833333333333334	7.06
18273	18	2	2	2	3	189	13	14.538461538461538	7.6
18275	20	3	2	3	3	426	16	26.625	4.58
18276	18	2	2	2	3	159	10	15.9	6.9
18277	18	3	2	2	3	210	11	19.09090909090909	5.76
18278	13	1	2	2	2	49	5	9.8	11.36
18279	23	3	3	3	3	309	16	19.3125	5.65
18280	16	2	2	2	2	107	9	11.88888888888889	9.47
18281	24	3	3	3	3	292	24	12.166666666666666	10.34
18282	20	3	3	2	3	192	9	21.333333333333332	5.0
18283	20	3	3	3	3	265	19	13.947368421052632	8.48
18284	11	0	1	2	3	168	10	16.8	6.71
18285	16	2	2	2	2	102	7	14.571428571428571	7.53
18286	20	3	3	3	3	176	14	12.571428571428571	9.15
18287	18	2	2	3	3	187	5	37.4	3.05
18288	10	2	2	1	1	175	7	25.0	4.27
18289	17	2	3	2	2	237	15	15.8	7.5
18290	10	2	2	1	1	95	7	13.571428571428571	8.05
18291	22	3	3	2	3	215	11	19.545454545454547	5.67
18292	16	2	2	2	2	101	1	101.0	1.03
18293	11	1	1	2	2	104	9	11.555555555555555	9.57
18294	16	0	3	3	3	379	14	27.071428571428573	4.17
18295	16	2	2	2	2	124	9	13.777777777777779	7.83
18296	8	1	1	1	1	43	2	21.5	4.88
18297	21	3	3	3	3	436	11	39.63636363636363	2.75
18298	16	2	2	2	2	105	7	15.0	7.45
18300	13	1	1	2	3	179	20	8.95	15.15
18301	14	2	2	2	2	107	9	11.88888888888889	9.28
18302	16	2	2	2	2	432	8	54.0	2.0
18303	18	3	3	2	2	191	12	15.916666666666666	6.98
18304	13	0	2	2	3	163	11	14.818181818181818	7.24
18305	18	3	3	2	2	166	9	18.444444444444443	5.92
18306	10	1	1	2	2	187	10	18.7	6.33
18307	19	2	3	2	3	124	8	15.5	7.27
18308	12	1	1	2	3	358	25	14.32	8.09
18309	17	2	2	2	3	149	15	9.933333333333334	11.36
18310	7	0	1	2	1	156	7	22.285714285714285	4.7
18311	24	3	3	3	3	409	35	11.685714285714285	10.48
18312	21	3	3	3	3	269	18	14.944444444444445	7.26
18314	24	3	3	3	3	365	27	13.518518518518519	9.68
18317	16	2	2	2	2	150	6	25.0	4.35
18318	14	1	2	2	2	106	7	15.142857142857142	7.37
18319	24	3	3	3	3	521	31	16.806451612903224	6.97
18320	12	0	2	2	2	110	6	18.333333333333332	5.88
18321	14	1	2	2	3	87	6	14.5	8.0
18322	17	2	2	2	3	200	13	15.384615384615385	7.65
18324	24	3	3	3	3	301	17	17.705882352941178	6.85
18325	13	2	2	2	2	83	4	20.75	5.63
18326	11	1	1	2	2	323	16	20.1875	5.57
18327	17	3	2	2	2	236	16	14.75	7.44
18329	14	1	2	2	3	261	15	17.4	6.67
18330	6	1	1	1	1	67	5	13.4	8.77
18331	10	1	2	1	2	68	3	22.666666666666668	4.69
18332	22	3	3	3	3	327	14	23.357142857142858	5.34
18333	16	3	3	2	2	155	6	25.833333333333332	4.48
18334	16	2	2	2	2	297	21	14.142857142857142	8.11
18335	16	2	2	2	2	262	15	17.466666666666665	6.58
18336	19	3	2	3	3	155	9	17.22222222222222	6.87
18337	21	3	3	3	2	202	13	15.538461538461538	6.91
18338	20	2	3	3	3	223	16	13.9375	8.12
18339	24	3	3	3	3	311	14	22.214285714285715	4.81
18340	16	2	2	2	2	281	15	18.733333333333334	5.84
18341	22	2	3	3	3	133	3	44.333333333333336	2.36
18342	16	2	2	2	2	166	8	20.75	5.23
18343	13	1	1	2	3	171	9	19.0	5.96
18344	16	2	2	2	2	269	15	17.933333333333334	5.98
18345	19	3	3	2	2	210	9	23.333333333333332	5.14
18346	17	2	2	2	3	218	10	21.8	5.21
18347	14	2	2	2	2	54	6	9.0	12.5
18348	5	1	1	1	1	13	2	6.5	18.18
18349	19	3	3	2	3	186	9	20.666666666666668	5.33
18350	12	2	2	2	2	100	7	14.285714285714286	8.14
18352	17	2	2	2	3	99	7	14.142857142857142	8.24
18353	17	3	3	2	2	263	24	10.958333333333334	10.53
18354	11	1	1	2	2	44	2	22.0	4.88
18355	7	0	1	2	1	99	5	19.8	5.43
18356	17	2	3	2	2	182	13	14.0	7.98
18357	16	2	2	2	2	168	12	14.0	8.28
18358	15	2	2	2	2	107	7	15.285714285714286	7.22
18361	9	0	1	2	2	76	6	12.666666666666666	9.23
18362	24	3	3	3	3	403	24	16.791666666666668	7.57
18363	24	3	3	3	3	292	17	17.176470588235293	6.8
18364	14	2	2	2	2	104	3	34.666666666666664	3.06
18365	12	2	2	2	2	63	4	15.75	7.02
18366	16	2	2	2	2	111	8	13.875	8.6
18367	18	3	3	2	2	106	4	26.5	4.12
18368	15	2	2	2	2	210	12	17.5	6.56
18369	20	3	3	3	3	285	24	11.875	9.96
18370	8	1	1	1	1	51	2	25.5	4.65
18371	18	3	3	2	2	256	18	14.222222222222221	8.22
18373	14	2	2	2	2	93	6	15.5	7.59
18374	8	1	1	1	1	51	2	25.5	4.08
18375	8	1	1	1	1	69	3	23.0	4.76
18376	13	2	2	2	2	224	8	28.0	4.44
18377	24	3	3	3	3	329	15	21.933333333333334	5.02
18378	18	3	3	2	2	266	8	33.25	3.36
18379	11	1	2	1	2	116	4	29.0	3.57
18380	18	2	2	2	3	237	12	19.75	5.48
18381	20	2	2	3	3	109	7	15.571428571428571	8.43
18383	11	1	2	2	2	87	2	43.5	2.38
18384	13	2	2	2	2	85	6	14.166666666666666	8.57
18386	23	3	3	3	3	321	13	24.692307692307693	4.87
18387	17	3	2	2	2	216	15	14.4	7.73
18388	22	3	3	3	3	317	15	21.133333333333333	5.51
18389	17	2	2	2	3	292	29	10.068965517241379	11.84
18390	16	2	2	2	2	195	7	27.857142857142858	4.0
18391	19	3	3	2	3	220	8	27.5	3.88
18392	15	2	2	2	2	278	13	21.384615384615383	5.26
18393	20	2	3	3	3	153	7	21.857142857142858	5.07
18394	16	2	2	2	2	105	11	9.545454545454545	13.58
18395	24	3	3	3	3	334	32	10.4375	12.17
18396	17	2	2	3	2	215	17	12.647058823529411	9.34
18398	19	3	2	3	3	202	14	14.428571428571429	7.87
18399	22	3	3	3	3	315	20	15.75	7.22
18401	18	3	3	2	2	225	8	28.125	3.9
18402	8	0	1	2	2	206	9	22.88888888888889	4.95
18403	12	1	1	2	2	138	15	9.2	12.61
18404	16	2	2	2	2	102	6	17.0	6.25
18405	14	2	2	2	2	127	4	31.75	3.25
18406	18	3	3	2	2	266	11	24.181818181818183	4.49
18407	21	3	3	2	3	308	35	8.8	16.13
18408	24	3	3	3	3	333	17	19.58823529411765	5.65
18409	14	2	2	2	2	78	5	15.6	6.94
18411	10	1	1	1	2	110	6	18.333333333333332	5.94
18412	14	2	2	2	2	150	11	13.636363636363637	8.09
18413	18	3	3	2	1	218	13	16.76923076923077	6.74
18414	8	1	1	1	2	47	4	11.75	9.3
18415	14	2	2	2	1	166	3	55.333333333333336	1.84
18416	19	3	3	2	3	141	7	20.142857142857142	5.51
18417	10	1	1	2	2	157	11	14.272727272727273	7.64
18418	18	2	2	2	3	109	4	27.25	3.88
18419	23	3	3	3	3	382	27	14.148148148148149	8.31
18421	14	2	2	2	2	162	6	27.0	3.9
18422	23	3	3	3	3	269	14	19.214285714285715	5.83
18423	18	2	3	2	3	190	12	15.833333333333334	7.14
18424	17	2	2	3	3	110	10	11.0	10.53
18426	10	1	1	1	2	44	2	22.0	4.76
18427	16	2	2	2	2	128	5	25.6	4.17
18428	14	2	2	2	2	256	15	17.066666666666666	6.82
18429	15	1	2	3	3	182	12	15.166666666666666	7.19
18430	19	3	3	2	3	200	14	14.285714285714286	7.65
18432	15	2	2	2	2	132	6	22.0	4.84
18433	19	3	3	2	3	234	13	18.0	6.63
18434	17	2	2	3	3	226	9	25.11111111111111	4.5
18435	18	2	3	2	3	229	12	19.083333333333332	5.97
18436	8	1	1	1	1	94	4	23.5	4.49
18438	22	3	3	3	3	334	19	17.57894736842105	6.99
18441	8	0	1	2	2	50	4	12.5	9.09
18442	23	3	3	3	3	229	21	10.904761904761905	10.5
18444	12	2	2	2	2	75	4	18.75	5.63
18445	9	0	1	2	2	162	10	16.2	6.9
18446	7	1	1	1	1	147	1	147.0	0.7
18448	19	2	2	3	3	402	28	14.357142857142858	8.12
18449	16	2	2	2	2	180	14	12.857142857142858	8.75
18450	20	2	3	2	3	172	14	12.285714285714286	9.21
18451	18	2	2	3	3	237	23	10.304347826086957	11.62
18453	16	2	2	2	2	147	9	16.333333333333332	7.03
18454	24	3	3	3	3	304	20	15.2	7.41
18455	7	1	1	1	1	50	4	12.5	8.7
18456	11	0	2	2	2	255	16	15.9375	7.02
18458	21	3	3	3	3	163	7	23.285714285714285	4.73
18459	18	3	3	2	2	365	27	13.518518518518519	8.6
18460	15	2	2	2	2	87	7	12.428571428571429	8.86
18461	12	2	1	1	2	112	7	16.0	6.67
18463	6	1	1	1	0	124	9	13.777777777777779	8.82
18464	16	2	2	2	2	203	6	33.833333333333336	3.41
18465	18	3	3	2	2	282	24	11.75	9.8
18466	12	2	2	2	2	107	1	107.0	0.97
18467	21	3	3	3	3	354	20	17.7	7.02
18468	10	1	1	2	2	114	6	19.0	6.38
18471	20	3	3	2	3	257	13	19.76923076923077	5.56
18472	14	2	2	2	2	167	11	15.181818181818182	7.59
18473	24	3	3	3	3	268	21	12.761904761904763	9.21
18474	22	3	3	3	3	359	22	16.318181818181817	6.79
18475	18	2	3	2	3	205	10	20.5	5.41
18476	20	3	3	3	3	435	34	12.794117647058824	9.34
18477	22	3	3	3	3	275	17	16.176470588235293	6.75
18478	14	2	2	2	2	108	9	12.0	9.47
18479	23	3	3	3	3	269	11	24.454545454545453	4.82
18480	17	2	2	2	3	108	6	18.0	6.19
18481	9	1	1	1	2	45	2	22.5	4.65
18482	24	3	3	3	3	292	20	14.6	7.84
18484	12	1	1	2	2	87	5	17.4	6.1
18485	16	2	2	2	3	137	9	15.222222222222221	7.63
18488	9	1	1	2	1	89	9	9.88888888888889	12.0
18489	21	3	3	3	3	321	9	35.666666666666664	3.09
18490	14	2	2	2	2	88	6	14.666666666666666	7.32
18491	16	2	2	2	2	194	11	17.636363636363637	6.21
18492	17	2	2	2	3	105	7	15.0	8.05
18494	18	2	3	3	2	279	13	21.46153846153846	5.7
18495	16	2	2	2	2	162	5	32.4	3.42
18496	6	0	1	1	1	57	1	57.0	1.82
18497	18	3	2	2	3	307	17	18.058823529411764	6.67
18498	18	2	3	2	3	335	34	9.852941176470589	11.93
18499	24	3	3	3	3	418	30	13.933333333333334	8.52
18500	20	3	3	2	3	130	10	13.0	8.55
18501	9	1	1	1	2	123	5	24.6	4.55
18502	17	2	2	2	3	249	19	13.105263157894736	8.84
18503	16	2	2	2	2	136	8	17.0	6.61
18504	5	0	1	1	1	37	2	18.5	5.71
18505	13	2	2	2	2	114	8	14.25	7.84
18506	12	2	2	2	2	66	2	33.0	3.12
18507	22	3	3	3	3	239	25	9.56	12.95
18508	18	2	2	2	3	117	10	11.7	10.2
18509	11	0	2	2	2	76	4	19.0	5.8
18510	16	2	2	2	2	263	8	32.875	3.54
18511	7	1	1	1	1	96	9	10.666666666666666	10.98
18512	12	2	2	2	2	126	5	25.2	4.31
18513	17	2	3	2	2	93	7	13.285714285714286	8.33
18514	13	2	2	2	2	113	8	14.125	8.0
18515	24	3	3	3	3	348	30	11.6	10.24
18516	14	2	2	2	2	82	2	41.0	2.5
18517	14	2	2	2	2	308	13	23.692307692307693	4.53
18518	12	1	2	2	2	168	18	9.333333333333334	12.33
18519	16	2	2	2	2	139	8	17.375	6.3
18520	19	3	3	2	3	92	6	15.333333333333334	7.69
18521	20	3	3	3	3	153	11	13.909090909090908	7.86
18522	8	1	1	1	1	108	7	15.428571428571429	7.29
18523	21	3	3	3	3	255	20	12.75	9.05
18524	16	2	2	2	2	233	1	233.0	0.45
18525	21	3	3	3	3	268	22	12.181818181818182	9.52
18526	16	3	3	1	2	253	21	12.047619047619047	9.25
18527	14	2	2	2	2	74	7	10.571428571428571	12.96
18528	23	3	3	3	3	310	22	14.090909090909092	8.49
18529	10	0	2	2	2	256	22	11.636363636363637	11.0
18530	16	2	2	2	2	138	8	17.25	6.11
18531	9	2	1	1	1	140	5	28.0	4.0
18533	9	1	2	1	1	53	6	8.833333333333334	12.77
18534	20	3	3	3	3	213	12	17.75	6.7
18535	10	1	1	2	2	49	2	24.5	4.35
18536	24	3	3	3	3	391	17	23.0	5.07
18537	10	1	2	1	2	115	1	115.0	0.9
18538	18	2	2	3	3	187	9	20.77777777777778	5.17
18539	10	1	1	2	2	85	3	28.333333333333332	3.8
18540	16	2	2	2	2	95	7	13.571428571428571	8.24
18541	23	3	3	3	3	145	9	16.11111111111111	6.92
18542	23	3	3	3	3	226	11	20.545454545454547	6.01
18544	16	2	2	2	2	83	4	20.75	5.56
18545	12	1	2	2	2	182	9	20.22222222222222	5.56
18546	15	2	2	2	2	133	12	11.083333333333334	13.48
18547	9	0	1	2	2	62	10	6.2	27.78
18548	10	0	2	2	2	86	8	10.75	10.26
18549	20	2	3	2	3	273	16	17.0625	6.9
18550	13	1	2	2	2	120	5	24.0	4.76
18551	9	0	1	2	2	60	6	10.0	11.11
18552	11	1	1	2	2	246	10	24.6	4.22
18553	11	1	1	2	2	143	8	17.875	6.06
18554	16	2	2	2	2	254	23	11.043478260869565	10.7
18556	20	3	3	3	3	540	22	24.545454545454547	4.59
18557	17	2	2	2	3	181	16	11.3125	9.88
18558	23	3	3	3	3	269	19	14.157894736842104	7.82
18559	19	3	2	2	3	149	15	9.933333333333334	11.45
18560	23	3	3	3	3	404	34	11.882352941176471	10.21
18561	19	3	3	3	2	215	8	26.875	4.02
18562	19	2	3	3	3	342	26	13.153846153846153	8.81
18563	16	2	2	2	2	223	18	12.38888888888889	8.91
18564	15	2	2	2	2	171	8	21.375	5.56
18565	13	0	2	2	3	130	9	14.444444444444445	7.69
18566	24	3	3	3	3	530	43	12.325581395348838	10.78
18567	24	3	3	3	3	359	19	18.894736842105264	6.05
18569	22	3	3	3	3	183	9	20.333333333333332	5.36
18570	24	3	3	3	3	501	25	20.04	6.08
18571	13	1	2	2	2	181	16	11.3125	9.94
18572	13	2	2	2	2	138	4	34.5	3.33
18573	22	3	3	3	3	233	19	12.263157894736842	10.56
18574	12	2	2	1	1	78	1	78.0	1.39
18575	15	2	2	2	2	109	9	12.11111111111111	9.28
18576	16	2	2	2	2	288	20	14.4	8.1
18577	18	2	3	3	2	256	15	17.066666666666666	6.58
18578	16	2	2	2	3	120	15	8.0	16.67
18579	18	3	3	2	2	176	11	16.0	6.88
18580	22	3	3	3	3	173	13	13.307692307692308	8.5
18581	19	2	3	3	3	226	14	16.142857142857142	6.7
18582	19	2	3	3	3	221	8	27.625	4.15
18583	17	2	2	2	3	124	12	10.333333333333334	12.77
18584	21	3	3	3	3	342	27	12.666666666666666	8.88
18586	11	0	1	3	2	112	4	28.0	3.96
18587	16	2	2	2	2	173	8	21.625	5.48
18588	23	3	3	3	3	383	24	15.958333333333334	7.19
18590	15	1	1	3	3	261	18	14.5	7.96
18591	24	3	3	3	3	528	30	17.6	6.61
18592	8	1	1	1	1	77	10	7.7	15.87
18593	22	3	3	3	3	360	15	24.0	4.93
18594	17	2	2	2	3	171	10	17.1	6.41
18595	11	2	1	1	2	70	6	11.666666666666666	9.68
18596	23	3	3	3	3	206	15	13.733333333333333	8.57
18597	18	2	2	2	3	361	26	13.884615384615385	8.12
18598	17	2	2	2	3	138	8	17.25	8.16
18599	20	3	2	3	3	319	20	15.95	7.14
18600	24	3	3	3	3	221	22	10.045454545454545	11.64
18601	17	2	3	2	2	262	9	29.11111111111111	3.85
18602	17	3	2	2	2	364	15	24.266666666666666	4.55
18603	16	2	2	2	2	80	5	16.0	7.14
18604	21	3	3	3	3	223	14	15.928571428571429	7.0
18605	22	3	3	3	3	174	13	13.384615384615385	8.61
18606	16	2	3	2	2	185	7	26.428571428571427	4.05
18607	17	2	2	2	3	155	10	15.5	7.35
18608	16	3	2	2	2	458	28	16.357142857142858	7.65
18609	11	0	1	2	3	143	8	17.875	6.11
18610	10	2	2	1	1	89	4	22.25	4.71
18611	14	1	2	2	2	127	6	21.166666666666668	5.26
18612	12	1	2	2	2	76	6	12.666666666666666	8.82
18613	16	2	2	2	2	140	5	28.0	4.03
18614	18	3	3	2	2	206	13	15.846153846153847	6.84
18615	17	2	2	2	3	189	13	14.538461538461538	7.65
18616	24	3	3	3	3	570	26	21.923076923076923	5.33
18617	21	3	3	2	3	255	11	23.181818181818183	4.82
18618	19	2	3	3	3	205	15	13.666666666666666	8.24
18619	18	2	3	2	3	161	6	26.833333333333332	3.97
18620	15	2	2	2	2	126	9	14.0	8.41
18621	12	1	1	2	2	99	8	12.375	9.76
18622	11	1	2	2	2	136	7	19.428571428571427	5.74
18624	17	3	2	2	2	166	16	10.375	11.27
18626	14	0	2	2	3	199	12	16.583333333333332	6.63
18627	17	2	2	2	3	133	8	16.625	6.56
18628	19	3	3	2	3	200	13	15.384615384615385	7.43
18629	16	2	2	2	3	117	8	14.625	7.55
18630	16	2	2	2	2	184	20	9.2	13.89
18631	24	3	3	3	3	300	17	17.647058823529413	7.05
18632	17	2	2	2	3	157	4	39.25	2.8
18633	11	1	1	2	2	130	10	13.0	8.55
18634	9	1	1	2	2	78	5	15.6	6.94
18635	14	2	2	2	2	94	8	11.75	9.64
18636	24	3	3	3	3	357	24	14.875	7.89
18637	21	3	3	2	3	247	17	14.529411764705882	8.17
18638	13	2	2	2	2	156	10	15.6	7.04
18639	14	2	2	2	2	171	8	21.375	5.71
18640	18	3	3	2	2	180	11	16.363636363636363	6.79
18641	17	1	3	2	3	257	11	23.363636363636363	4.89
18642	16	2	2	2	2	133	5	26.6	4.24
18643	15	2	2	2	2	192	7	27.428571428571427	4.0
18644	17	2	2	2	3	221	14	15.785714285714286	6.9
18645	9	1	1	1	2	99	6	16.5	6.52
18646	20	3	3	3	3	184	14	13.142857142857142	8.97
18647	18	2	2	3	3	146	9	16.22222222222222	6.98
18648	18	3	2	2	3	204	15	13.6	8.57
18649	18	2	3	2	3	343	9	38.111111111111114	2.88
18650	22	3	3	3	3	218	9	24.22222222222222	4.81
18651	21	3	3	3	3	255	14	18.214285714285715	6.73
18652	23	3	3	3	3	463	25	18.52	5.88
18653	23	3	3	3	3	233	20	11.65	9.8
18654	16	2	2	2	2	114	10	11.4	9.8
18655	21	3	3	3	2	184	8	23.0	4.68
18656	24	3	3	3	3	313	16	19.5625	5.8
18657	23	3	3	3	3	664	46	14.434782608695652	8.24
18658	7	1	1	1	1	59	3	19.666666666666668	5.45
18659	14	2	2	2	2	163	10	16.3	6.85
18660	16	2	2	2	2	169	5	33.8	3.38
18661	17	2	2	2	3	143	9	15.88888888888889	7.32
18662	18	2	2	2	3	151	9	16.77777777777778	6.72
18663	16	2	2	2	2	130	9	14.444444444444445	7.56
18664	19	2	3	3	2	310	19	16.31578947368421	7.31
18666	14	1	2	2	2	259	19	13.631578947368421	9.41
18667	21	2	3	3	3	245	18	13.61111111111111	9.23
18668	20	3	3	2	3	344	24	14.333333333333334	8.14
18669	16	2	2	2	2	118	7	16.857142857142858	6.48
18670	13	1	2	2	2	112	6	18.666666666666668	6.06
18671	20	3	3	3	3	206	7	29.428571428571427	3.91
18672	17	3	2	2	2	284	10	28.4	4.07
18674	18	2	2	2	3	160	10	16.0	7.94
18675	14	2	2	2	2	356	28	12.714285714285714	9.72
18676	24	3	3	3	3	279	20	13.95	8.2
18677	17	2	3	2	2	225	8	28.125	3.81
18678	11	1	1	2	2	197	7	28.142857142857142	3.93
18680	8	0	1	2	2	49	6	8.166666666666666	14.29
18681	23	3	3	3	3	231	17	13.588235294117647	8.54
18682	22	3	3	3	2	432	23	18.782608695652176	6.42
18683	15	2	2	2	3	130	8	16.25	7.02
18684	17	2	3	2	2	131	7	18.714285714285715	5.79
18685	20	3	3	3	3	166	13	12.76923076923077	8.78
18686	18	2	2	2	3	275	22	12.5	9.21
18688	8	1	1	1	1	74	3	24.666666666666668	4.29
18689	8	0	1	1	2	113	8	14.125	8.08
18690	11	0	2	2	3	129	8	16.125	6.61
18691	22	3	3	3	3	317	27	11.74074074074074	9.64
18693	12	1	1	2	2	140	8	17.5	6.25
18694	20	3	3	3	3	348	19	18.31578947368421	6.88
18695	17	2	2	2	3	190	7	27.142857142857142	4.05
18696	20	2	3	3	3	278	19	14.631578947368421	9.69
18697	20	3	3	3	3	285	10	28.5	3.86
18698	13	1	1	2	3	176	9	19.555555555555557	5.49
18700	14	1	2	2	2	99	5	19.8	5.62
18701	24	3	3	3	3	240	20	12.0	10.2
18702	23	3	3	3	3	273	19	14.368421052631579	8.26
18703	14	2	2	2	2	175	15	11.666666666666666	9.87
18704	16	2	2	2	2	148	14	10.571428571428571	11.38
18705	20	3	3	2	3	246	12	20.5	5.45
18706	8	1	1	1	1	238	8	29.75	3.74
18707	20	3	3	3	3	214	5	42.8	2.54
18708	18	2	2	2	3	196	15	13.066666666666666	8.72
18709	19	3	2	3	3	415	32	12.96875	9.7
18710	13	2	2	2	2	91	4	22.75	4.6
18711	10	1	2	2	1	98	4	24.5	4.44
18712	14	2	2	2	2	297	11	27.0	3.85
18713	12	0	2	2	2	156	8	19.5	5.76
18714	14	2	2	2	2	282	14	20.142857142857142	5.62
18715	20	2	3	3	3	223	14	15.928571428571429	7.14
18716	18	3	3	2	2	409	13	31.46153846153846	3.93
18717	12	1	2	2	3	242	11	22.0	4.93
18718	7	1	1	1	1	31	4	7.75	15.38
18719	8	1	1	1	1	61	3	20.333333333333332	5.17
18720	10	0	1	2	2	153	10	15.3	6.99
18721	15	2	2	2	3	259	14	18.5	5.83
18722	24	3	3	3	3	254	14	18.142857142857142	7.07
18723	16	2	2	2	2	167	8	20.875	5.3
18724	24	3	3	3	3	367	20	18.35	6.39
18725	20	3	3	2	3	211	7	30.142857142857142	3.65
18726	20	3	3	3	3	412	24	17.166666666666668	6.98
18727	9	0	2	2	2	154	8	19.25	5.56
18729	16	2	2	2	2	152	8	19.0	5.63
18730	18	2	2	3	3	373	30	12.433333333333334	9.38
18731	15	2	2	2	3	61	5	12.2	9.43
18732	16	2	2	2	3	221	19	11.631578947368421	10.16
18733	22	2	3	3	3	264	18	14.666666666666666	9.14
18734	4	1	1	1	1	76	2	38.0	2.74
18736	16	2	2	2	2	205	13	15.76923076923077	7.6
18737	15	2	2	2	2	73	14	5.214285714285714	35.0
18738	16	2	2	2	2	103	6	17.166666666666668	6.45
18739	8	0	2	1	2	104	5	20.8	5.05
18740	20	2	3	3	3	289	21	13.761904761904763	8.97
18741	24	3	3	3	3	347	22	15.772727272727273	7.38
18742	12	1	1	2	2	113	5	22.6	4.76
18743	9	1	1	2	2	140	10	14.0	8.06
18744	12	2	2	2	2	181	9	20.11111111111111	5.62
18745	18	2	2	2	3	201	14	14.357142857142858	9.21
18747	7	0	1	1	2	106	14	7.571428571428571	17.07
18748	16	1	2	3	3	308	11	28.0	4.42
18749	13	2	2	2	2	136	10	13.6	8.62
18750	6	1	1	1	1	35	3	11.666666666666666	10.34
18751	23	3	3	3	3	260	20	13.0	9.05
18752	14	2	2	2	2	109	9	12.11111111111111	9.38
18753	10	0	1	2	2	127	7	18.142857142857142	6.48
18754	18	2	2	3	3	183	8	22.875	5.1
18756	21	3	3	3	3	317	21	15.095238095238095	7.29
18757	17	2	3	2	2	128	6	21.333333333333332	5.36
18758	13	2	2	2	2	96	4	24.0	4.35
18759	23	3	3	3	3	466	36	12.944444444444445	10.88
18760	16	2	2	2	2	140	7	20.0	5.3
18761	20	3	3	3	3	447	24	18.625	6.38
18762	17	2	3	2	2	130	8	16.25	6.61
18763	16	2	2	2	2	99	6	16.5	6.67
18764	9	2	1	1	2	75	5	15.0	7.81
18765	18	2	3	2	3	360	28	12.857142857142858	9.3
18766	9	0	1	2	2	93	6	15.5	6.9
18767	13	2	2	2	2	228	17	13.411764705882353	8.72
18768	11	2	2	1	1	166	2	83.0	1.35
18769	12	0	2	2	3	86	3	28.666666666666668	3.75
18770	22	3	3	3	3	119	13	9.153846153846153	13.68
18771	21	3	3	3	3	207	10	20.7	5.18
18772	17	2	2	3	2	152	12	12.666666666666666	9.76
18773	14	2	2	2	2	216	12	18.0	6.52
18774	16	2	2	2	2	104	3	34.666666666666664	3.03
18775	24	3	3	3	3	262	15	17.466666666666665	6.3
18776	23	3	3	3	3	313	19	16.473684210526315	7.09
18777	13	2	2	2	1	139	9	15.444444444444445	7.2
18778	24	3	3	3	3	342	22	15.545454545454545	7.43
18779	18	2	3	2	3	198	14	14.142857142857142	8.24
18780	15	2	2	2	2	263	20	13.15	8.37
18781	12	1	2	2	2	165	3	55.0	1.92
18782	14	2	2	2	2	188	12	15.666666666666666	6.9
18783	9	2	1	1	1	119	6	19.833333333333332	5.5
18784	16	2	2	2	2	87	10	8.7	15.38
18785	8	1	1	1	1	58	6	9.666666666666666	13.95
18786	23	3	3	3	3	209	9	23.22222222222222	4.84
18787	16	2	3	3	1	265	15	17.666666666666668	6.49
18788	24	3	3	3	3	439	18	24.38888888888889	4.66
18789	19	3	2	2	3	240	33	7.2727272727272725	18.54
18790	16	2	2	2	3	216	6	36.0	2.93
18791	23	3	3	3	3	221	10	22.1	5.49
18792	16	2	2	2	2	190	8	23.75	4.79
18793	24	3	3	3	3	275	15	18.333333333333332	6.41
18794	7	1	1	1	1	63	4	15.75	6.78
18795	10	1	1	2	2	131	5	26.2	4.2
18796	17	2	3	2	2	209	8	26.125	4.15
18797	10	1	1	1	2	55	4	13.75	8.0
18798	19	2	3	2	3	207	15	13.8	10.71
18799	20	3	3	2	3	236	11	21.454545454545453	5.47
18800	17	2	2	2	3	178	9	19.77777777777778	5.45
18801	17	2	2	2	3	120	14	8.571428571428571	15.56
18802	11	2	2	2	1	132	13	10.153846153846153	10.92
18803	15	2	2	2	2	86	7	12.285714285714286	9.72
18804	9	0	1	2	2	135	10	13.5	8.0
18805	19	2	3	3	3	315	18	17.5	6.57
18806	20	3	3	3	3	152	10	15.2	7.41
18807	7	1	1	1	1	40	2	20.0	5.41
18808	12	0	2	2	3	178	14	12.714285714285714	8.97
18809	24	3	3	3	3	261	19	13.736842105263158	8.88
18810	20	3	3	2	3	228	10	22.8	4.81
18811	19	2	3	2	3	229	13	17.615384615384617	6.28
18812	14	2	2	2	2	95	6	15.833333333333334	6.74
18813	10	1	1	2	2	217	12	18.083333333333332	6.28
18814	20	3	3	2	3	145	9	16.11111111111111	7.03
18815	17	2	2	2	3	224	13	17.23076923076923	6.74
18816	17	2	2	2	3	181	12	15.083333333333334	7.5
18817	20	3	3	3	3	223	12	18.583333333333332	6.03
18818	24	3	3	3	3	439	36	12.194444444444445	9.73
18819	16	2	2	2	2	145	9	16.11111111111111	6.72
18820	19	3	3	3	2	230	17	13.529411764705882	8.25
18821	23	3	3	3	3	292	14	20.857142857142858	5.69
18822	6	1	1	1	1	42	2	21.0	5.0
18823	16	2	2	2	3	112	12	9.333333333333334	12.0
18824	14	2	2	2	2	159	6	26.5	4.11
18825	21	2	3	3	3	417	27	15.444444444444445	7.01
18826	24	3	3	3	3	273	16	17.0625	7.08
18827	16	2	2	2	2	306	6	51.0	2.12
18829	16	2	2	2	3	224	16	14.0	7.73
18830	13	2	2	2	2	123	6	20.5	5.36
18831	18	3	3	2	2	224	14	16.0	7.25
18832	24	3	3	3	3	189	8	23.625	4.79
18833	19	3	3	3	2	309	20	15.45	7.87
18834	17	2	3	2	2	168	12	14.0	8.11
18835	22	3	3	3	3	291	14	20.785714285714285	5.22
18836	17	2	2	2	3	137	9	15.222222222222221	7.76
18837	19	2	3	3	3	116	8	14.5	8.25
18839	22	3	3	3	3	273	23	11.869565217391305	10.27
18840	12	2	2	2	2	88	7	12.571428571428571	9.86
18841	15	2	2	2	2	124	4	31.0	3.48
18842	22	3	3	3	3	492	28	17.571428571428573	7.47
18843	17	2	2	3	2	258	14	18.428571428571427	6.45
18844	10	2	2	1	1	117	3	39.0	2.68
18845	16	2	2	2	2	103	5	20.6	5.38
18847	18	2	2	3	3	167	8	20.875	5.44
18848	24	3	3	3	3	194	12	16.166666666666668	6.9
18849	18	3	3	2	2	175	8	21.875	4.94
18851	21	3	3	3	3	387	12	32.25	3.76
18852	10	2	1	2	1	207	10	20.7	5.49
18853	23	3	3	3	3	376	26	14.461538461538462	8.05
18854	17	3	3	2	2	171	10	17.1	7.04
18855	14	2	2	2	2	148	7	21.142857142857142	5.07
18856	11	2	1	2	2	76	2	38.0	2.78
18857	24	3	3	3	3	516	32	16.125	7.06
18858	10	1	1	2	2	123	7	17.571428571428573	6.19
18859	6	0	1	1	1	50	1	50.0	2.04
18860	20	2	3	3	3	246	13	18.923076923076923	6.67
18861	17	2	2	2	3	222	15	14.8	8.38
18862	14	1	2	2	2	157	8	19.625	5.8
18863	16	2	2	2	2	246	14	17.571428571428573	6.19
18864	21	3	3	3	3	179	13	13.76923076923077	8.07
18865	13	2	2	2	2	108	6	18.0	6.12
18868	24	3	3	3	3	407	27	15.074074074074074	7.58
18870	17	2	3	2	3	223	15	14.866666666666667	7.54
18871	15	2	2	2	2	134	8	16.75	6.5
18872	19	3	2	3	3	195	16	12.1875	10.06
18873	15	2	2	2	2	148	3	49.333333333333336	2.19
18874	20	3	3	3	3	156	9	17.333333333333332	6.77
18875	17	2	3	2	2	125	4	31.25	3.39
18876	4	0	1	1	1	33	3	11.0	10.0
18877	17	2	3	2	2	149	4	37.25	3.28
18878	15	2	2	2	2	151	3	50.333333333333336	2.17
18879	17	0	3	3	3	321	16	20.0625	5.78
18880	18	2	3	2	3	308	15	20.533333333333335	5.3
18881	17	2	3	2	2	92	6	15.333333333333334	7.06
18882	14	2	2	2	2	198	11	18.0	6.08
18883	15	2	2	2	2	96	9	10.666666666666666	10.59
18884	20	3	3	3	2	172	1	172.0	0.6
18885	9	1	1	1	2	33	2	16.5	6.45
18886	20	3	3	3	3	246	22	11.181818181818182	11.7
18887	17	2	2	2	3	117	7	16.714285714285715	6.8
18888	16	2	2	2	2	150	13	11.538461538461538	9.77
18889	24	3	3	3	3	388	26	14.923076923076923	7.78
18890	20	3	3	2	3	470	23	20.434782608695652	6.18
18891	12	1	2	2	2	94	6	15.666666666666666	6.98
18892	17	1	3	3	3	195	13	15.0	7.69
18894	14	2	2	2	3	183	16	11.4375	10.26
18895	13	1	2	2	3	194	11	17.636363636363637	6.01
18896	16	2	3	2	2	162	7	23.142857142857142	4.73
18897	22	3	3	3	3	304	19	16.0	7.69
18898	19	2	2	3	3	197	15	13.133333333333333	8.72
18899	15	2	2	2	2	120	10	12.0	9.8
18900	16	2	2	2	2	263	19	13.842105263157896	8.26
18901	17	2	2	2	3	295	18	16.38888888888889	6.79
18902	9	1	1	1	2	65	6	10.833333333333334	10.34
18903	10	2	2	1	1	80	1	80.0	1.3
18904	14	1	2	3	3	322	20	16.1	7.14
18905	14	1	2	2	3	142	7	20.285714285714285	5.38
18906	15	2	2	2	3	104	7	14.857142857142858	7.69
18907	23	3	3	3	3	365	40	9.125	14.65
18908	18	3	3	2	2	293	18	16.27777777777778	6.64
18909	18	2	2	2	3	100	6	16.666666666666668	6.9
18910	20	3	3	3	3	243	13	18.692307692307693	6.13
18911	7	1	1	1	1	73	2	36.5	2.82
18912	20	3	3	3	3	145	10	14.5	7.63
18913	12	1	1	2	3	74	5	14.8	8.2
18914	16	2	2	2	2	250	11	22.727272727272727	5.14
18915	19	3	3	2	3	245	20	12.25	9.43
18916	10	1	1	2	2	78	5	15.6	7.81
18917	21	3	3	2	3	208	9	23.11111111111111	5.36
18919	13	1	2	2	2	201	7	28.714285714285715	3.98
18920	10	1	1	2	2	67	5	13.4	8.06
18921	17	2	3	2	2	123	14	8.785714285714286	14.89
18922	13	2	1	2	2	107	5	21.4	5.21
18923	19	3	3	2	3	255	11	23.181818181818183	4.72
18924	10	0	2	2	2	128	6	21.333333333333332	5.0
18925	17	2	2	2	3	103	8	12.875	8.7
18926	18	3	3	2	2	337	12	28.083333333333332	4.01
18927	13	2	2	2	1	166	5	33.2	3.18
18928	19	3	3	2	3	160	14	11.428571428571429	10.0
18929	14	2	2	2	2	253	20	12.65	9.8
18930	11	1	1	2	2	57	2	28.5	3.85
18931	13	1	1	2	3	62	4	15.5	7.84
18932	16	2	2	2	2	140	5	28.0	3.91
18933	16	2	2	2	2	247	4	61.75	1.7
18934	17	2	2	3	3	118	7	16.857142857142858	6.73
18935	15	2	2	2	2	110	6	18.333333333333332	6.06
18936	15	2	2	2	2	168	9	18.666666666666668	5.92
18937	10	2	2	1	1	56	2	28.0	3.85
18938	17	2	2	2	3	292	9	32.44444444444444	3.47
18939	10	1	1	2	2	123	8	15.375	7.27
18940	18	2	3	2	3	203	16	12.6875	8.79
18941	19	2	2	3	3	327	20	16.35	7.49
18942	20	2	3	2	3	178	10	17.8	6.25
18943	24	3	3	3	3	184	20	9.2	12.99
18944	12	2	2	2	2	89	5	17.8	6.41
18945	24	3	3	3	3	369	17	21.705882352941178	5.3
18946	24	3	3	3	3	267	25	10.68	10.78
18947	22	3	3	3	3	393	58	6.775862068965517	27.49
18949	16	2	2	2	2	185	10	18.5	6.21
18950	17	2	2	2	3	206	14	14.714285714285714	7.69
18951	17	3	2	2	2	173	9	19.22222222222222	5.62
18952	10	2	2	1	1	114	4	28.5	4.3
18954	22	3	3	3	3	212	15	14.133333333333333	7.89
18955	17	3	3	2	2	167	5	33.4	3.38
18956	8	1	1	1	1	55	3	18.333333333333332	5.88
18957	17	2	2	2	3	182	13	14.0	8.28
18958	2	0	0	0	1	16	1	16.0	6.67
18959	21	3	3	3	3	246	15	16.4	6.58
18960	24	3	3	3	3	467	29	16.103448275862068	7.99
18961	9	1	1	2	1	59	4	14.75	7.41
18962	20	3	3	2	3	169	14	12.071428571428571	9.52
18963	22	3	3	3	3	305	14	21.785714285714285	5.45
18964	23	3	3	3	3	417	30	13.9	8.43
18965	12	2	2	2	2	141	12	11.75	9.84
18967	15	2	2	2	3	202	25	8.08	17.86
18968	16	2	2	2	2	190	7	27.142857142857142	4.79
18969	22	3	3	3	2	348	12	29.0	3.79
18970	11	1	1	2	2	95	4	23.75	4.44
18971	14	0	2	2	3	202	25	8.08	17.12
18972	17	2	2	2	3	202	19	10.631578947368421	10.92
18973	12	1	1	2	2	182	11	16.545454545454547	6.43
18974	24	3	3	3	3	340	19	17.894736842105264	7.09
18976	10	1	1	2	2	86	5	17.2	7.14
18977	19	3	3	2	3	219	11	19.90909090909091	5.85
18978	24	3	3	3	3	468	26	18.0	6.16
18979	18	3	3	2	2	255	14	18.214285714285715	6.01
18980	7	1	1	1	1	60	4	15.0	7.41
18981	13	2	2	2	2	111	7	15.857142857142858	7.87
18982	19	3	3	3	2	191	16	11.9375	9.82
18983	24	3	3	3	3	350	22	15.909090909090908	7.24
18984	7	0	1	1	2	56	2	28.0	3.77
18985	20	3	3	2	3	235	28	8.392857142857142	15.73
18986	17	2	2	2	3	190	12	15.833333333333334	7.32
18987	19	3	3	2	3	197	12	16.416666666666668	6.67
18988	19	3	3	3	2	232	13	17.846153846153847	6.5
18989	19	3	3	2	3	157	9	17.444444444444443	6.43
18990	17	2	2	2	3	170	13	13.076923076923077	9.09
18991	17	2	2	2	3	212	10	21.2	5.49
18993	13	1	2	2	2	110	8	13.75	8.79
18994	9	1	2	1	1	109	2	54.5	1.89
18995	16	2	2	2	2	147	2	73.5	1.42
18996	12	2	2	2	2	140	4	35.0	3.03
18997	6	0	1	1	1	93	5	18.6	5.81
18998	13	2	2	2	1	277	2	138.5	0.77
18999	15	2	2	2	2	181	7	25.857142857142858	4.32
19000	18	2	3	2	3	234	15	15.6	7.08
19001	16	2	2	2	2	119	2	59.5	1.82
19002	19	3	3	2	3	253	20	12.65	9.43
19003	22	3	3	3	3	507	28	18.107142857142858	6.32
19004	11	0	2	2	2	99	9	11.0	10.34
19005	16	2	2	2	3	108	8	13.5	8.16
19006	17	2	2	2	3	243	21	11.571428571428571	10.19
19007	17	2	2	2	3	175	13	13.461538461538462	8.61
19008	12	1	1	2	2	191	15	12.733333333333333	8.88
19009	15	2	2	2	2	193	6	32.166666666666664	3.53
19010	3	0	0	1	1	6	1	6.0	20.0
19011	14	2	2	2	2	114	9	12.666666666666666	8.82
19012	19	2	3	3	3	159	9	17.666666666666668	6.08
19013	16	1	3	2	3	464	27	17.185185185185187	6.63
19015	15	2	2	2	3	199	11	18.09090909090909	5.95
19017	16	2	2	2	3	109	5	21.8	5.0
19018	17	1	3	2	3	247	18	13.722222222222221	8.37
19020	16	2	2	2	2	117	10	11.7	10.64
19022	17	2	2	2	3	167	15	11.133333333333333	10.2
19023	17	2	2	3	2	155	12	12.916666666666666	11.65
19024	13	2	2	2	2	57	1	57.0	1.89
19025	16	2	2	2	2	146	7	20.857142857142858	5.15
19026	21	3	3	3	3	236	18	13.11111111111111	9.05
19027	11	0	1	2	3	167	5	33.4	3.21
19028	14	1	2	2	3	172	10	17.2	6.33
19029	24	3	3	3	3	423	31	13.64516129032258	8.4
19030	21	3	3	3	2	388	13	29.846153846153847	3.64
19031	21	3	3	3	3	499	33	15.121212121212121	7.43
19032	12	2	2	2	2	71	7	10.142857142857142	11.11
19033	10	0	2	2	2	160	4	40.0	2.84
19034	20	3	3	2	3	334	19	17.57894736842105	6.42
19035	16	2	2	2	2	166	8	20.75	5.13
19036	12	2	2	2	1	160	2	80.0	1.27
19037	16	2	2	2	2	146	6	24.333333333333332	4.32
19038	15	1	2	3	2	246	17	14.470588235294118	7.8
19039	18	2	2	2	3	208	11	18.90909090909091	6.21
19041	16	2	2	2	2	207	4	51.75	2.03
19042	10	2	2	1	1	81	2	40.5	2.6
19044	7	0	1	2	1	243	3	81.0	1.25
19046	15	2	2	2	2	255	13	19.615384615384617	5.99
19047	13	1	2	2	2	91	6	15.166666666666666	7.23
19048	9	1	1	2	2	90	5	18.0	6.1
19049	22	3	3	3	3	340	16	21.25	5.5
19050	19	3	3	2	3	315	17	18.529411764705884	6.91
19051	19	3	3	3	2	303	27	11.222222222222221	10.63
19052	24	3	3	3	3	378	21	18.0	6.6
19054	21	3	3	3	3	197	11	17.90909090909091	5.91
19055	16	2	2	2	3	134	7	19.142857142857142	5.88
19056	16	2	2	2	2	93	6	15.5	7.32
19057	15	2	2	2	2	199	6	33.166666666666664	3.35
19058	16	2	2	2	2	125	9	13.88888888888889	8.18
19059	21	3	3	3	3	238	19	12.526315789473685	9.36
19060	20	3	3	3	3	142	10	14.2	8.06
19061	15	0	2	3	3	218	13	16.76923076923077	6.57
19062	15	2	2	2	3	151	5	30.2	3.62
19063	20	3	3	2	3	125	8	15.625	8.51
19064	7	1	1	1	1	34	1	34.0	2.94
19065	17	2	2	2	3	139	11	12.636363636363637	9.09
19068	24	3	3	3	3	508	38	13.368421052631579	8.96
19069	18	2	2	3	3	185	16	11.5625	10.06
19070	8	0	1	2	2	35	5	7.0	17.86
19071	16	2	2	2	2	92	3	30.666666666666668	3.53
19072	22	3	3	3	3	346	28	12.357142857142858	9.46
19073	18	2	2	2	3	146	10	14.6	8.55
19076	17	2	2	2	3	182	12	15.166666666666666	7.27
19077	18	2	2	3	3	79	6	13.166666666666666	9.23
19078	17	2	2	2	3	134	5	26.8	3.97
19079	17	3	3	2	2	211	10	21.1	5.08
19080	10	0	1	2	2	267	12	22.25	4.76
19081	9	0	1	2	2	184	12	15.333333333333334	7.55
19082	12	1	2	2	2	118	10	11.8	9.71
19083	20	3	3	3	3	289	26	11.115384615384615	11.71
19084	15	2	2	2	2	114	3	38.0	2.73
19085	10	1	1	2	2	108	6	18.0	6.06
19086	24	3	3	3	3	268	21	12.761904761904763	9.55
19087	19	3	2	3	3	159	11	14.454545454545455	7.69
19089	12	0	2	2	3	148	7	21.142857142857142	5.15
19090	17	3	3	2	2	203	9	22.555555555555557	4.89
19091	13	2	2	2	2	120	13	9.23076923076923	13.0
19092	15	2	2	2	2	100	8	12.5	8.99
19093	12	1	1	2	2	147	3	49.0	2.17
19094	17	2	2	2	3	151	13	11.615384615384615	9.63
19095	15	2	2	2	2	110	6	18.333333333333332	6.12
19096	20	3	3	2	3	140	14	10.0	11.2
19097	8	1	1	1	2	112	2	56.0	1.83
19098	20	3	3	3	2	234	7	33.42857142857143	3.14
19099	20	3	3	2	3	234	11	21.272727272727273	5.14
19100	21	3	3	3	3	249	16	15.5625	7.62
19101	11	1	2	1	2	62	7	8.857142857142858	15.91
19102	17	3	3	2	2	140	12	11.666666666666666	9.76
19103	21	3	3	2	3	220	11	20.0	5.88
19104	21	3	3	3	3	215	14	15.357142857142858	7.29
19105	17	2	2	2	3	173	10	17.3	6.29
19106	24	3	3	3	3	359	22	16.318181818181817	7.24
19107	12	1	2	2	2	98	8	12.25	9.2
19108	17	2	3	2	2	121	11	11.0	10.09
19109	19	2	3	2	3	192	11	17.454545454545453	6.55
19110	15	2	2	2	2	96	8	12.0	10.67
19111	14	2	2	2	2	142	3	47.333333333333336	2.29
19112	11	1	1	2	2	404	17	23.764705882352942	4.47
19113	21	3	3	3	3	306	19	16.105263157894736	6.64
19114	20	2	3	3	3	199	14	14.214285714285714	8.33
19116	17	2	2	2	3	259	11	23.545454545454547	4.6
19117	16	2	2	2	2	220	12	18.333333333333332	5.97
19118	20	2	3	3	3	168	15	11.2	10.14
19119	14	2	2	2	2	105	7	15.0	7.37
19120	16	2	2	2	3	101	4	25.25	4.6
19122	5	1	1	1	1	59	5	11.8	8.93
19123	23	3	3	3	3	504	30	16.8	7.08
19124	17	2	2	2	3	144	9	16.0	6.77
19125	17	2	2	2	3	103	7	14.714285714285714	7.45
19126	16	2	2	2	2	125	8	15.625	7.21
19127	12	2	2	2	2	79	3	26.333333333333332	4.23
19129	8	1	1	1	2	103	7	14.714285714285714	7.78
19130	13	2	2	2	1	99	1	99.0	1.02
19131	8	1	1	1	1	46	1	46.0	2.33
19132	13	2	2	2	2	138	4	34.5	3.01
19134	11	2	1	2	2	148	4	37.0	2.86
19135	9	1	1	1	2	55	3	18.333333333333332	5.77
19136	19	2	3	3	2	213	20	10.65	12.35
19137	22	3	3	2	3	250	16	15.625	6.93
19138	13	1	1	3	3	196	18	10.88888888888889	10.17
19139	11	0	1	2	3	219	10	21.9	5.03
19140	20	3	3	3	3	419	24	17.458333333333332	6.58
19141	18	2	3	2	3	138	9	15.333333333333334	7.14
19143	12	0	2	3	2	168	11	15.272727272727273	7.8
19144	15	2	2	2	2	125	9	13.88888888888889	8.11
19145	24	3	3	3	3	240	13	18.46153846153846	6.1
19146	24	3	3	3	3	296	22	13.454545454545455	8.3
19147	15	2	2	2	2	93	8	11.625	9.64
19148	15	2	2	2	2	400	12	33.333333333333336	3.86
19149	9	1	1	2	1	84	2	42.0	2.74
19150	17	2	2	3	2	312	26	12.0	9.74
19151	12	1	2	2	2	102	5	20.4	5.68
19152	18	2	2	3	3	281	16	17.5625	6.4
19153	14	2	2	2	2	119	7	17.0	6.31
19154	16	2	2	2	2	133	8	16.625	6.72
19155	12	2	2	1	2	147	15	9.8	12.93
19156	8	0	1	2	2	106	7	15.142857142857142	7.61
19158	18	3	3	2	2	210	18	11.666666666666666	9.63
19159	16	3	2	2	2	430	32	13.4375	8.67
19160	19	2	3	2	3	175	11	15.909090909090908	7.28
19161	19	3	3	3	2	248	9	27.555555555555557	3.83
19162	12	2	2	1	1	102	2	51.0	2.11
19163	14	2	2	2	1	132	6	22.0	5.13
19164	17	2	2	2	3	157	14	11.214285714285714	10.29
19165	14	2	2	2	2	82	2	41.0	2.6
19166	16	2	2	2	2	198	11	18.0	6.4
19167	18	3	2	2	3	218	12	18.166666666666668	6.12
19168	16	2	2	2	2	100	5	20.0	6.02
19169	19	2	3	2	3	151	7	21.571428571428573	4.9
19170	20	3	3	3	3	152	14	10.857142857142858	11.2
19171	6	0	1	1	1	72	8	9.0	12.7
19172	16	2	2	3	2	140	8	17.5	6.56
19173	18	3	3	2	2	191	17	11.235294117647058	10.37
19174	21	3	3	3	3	432	25	17.28	6.93
19175	17	2	2	2	3	127	12	10.583333333333334	10.62
19176	17	2	2	2	3	172	12	14.333333333333334	8.76
19177	11	0	1	2	3	143	6	23.833333333333332	4.51
19178	11	1	2	2	2	63	3	21.0	5.26
19179	21	3	3	2	3	223	20	11.15	11.49
19180	14	2	2	2	2	43	3	14.333333333333334	7.32
19181	14	1	2	2	2	142	8	17.75	6.11
19183	12	1	2	2	2	82	5	16.4	6.76
19184	9	1	1	1	2	65	6	10.833333333333334	9.84
19185	16	2	2	2	2	171	8	21.375	5.13
19186	21	3	3	3	3	308	20	15.4	7.07
19187	19	3	2	3	3	125	8	15.625	7.48
19188	16	2	2	2	2	251	17	14.764705882352942	7.69
19189	10	1	1	2	2	148	14	10.571428571428571	10.77
19190	20	3	3	3	3	415	34	12.205882352941176	10.37
19191	14	2	2	2	2	118	9	13.11111111111111	8.49
19192	23	3	3	3	3	185	15	12.333333333333334	10.64
19193	17	2	2	2	3	214	17	12.588235294117647	9.5
19194	16	2	2	2	2	181	11	16.454545454545453	7.05
19195	24	3	3	3	3	308	19	16.210526315789473	7.17
19196	19	3	3	2	3	245	11	22.272727272727273	5.31
19197	24	3	3	3	3	470	25	18.8	6.14
19198	21	3	3	3	3	233	14	16.642857142857142	6.73
19199	17	2	2	2	3	251	18	13.944444444444445	7.96
19200	19	3	3	2	3	215	11	19.545454545454547	5.47
19201	24	3	3	3	3	278	14	19.857142857142858	6.73
19202	24	3	3	3	3	302	24	12.583333333333334	9.23
19203	14	1	2	2	2	106	9	11.777777777777779	9.78
19204	15	2	2	2	2	132	11	12.0	9.65
19205	24	3	3	3	3	247	20	12.35	9.17
19206	16	2	2	2	2	175	14	12.5	9.15
19207	22	3	3	3	3	273	15	18.2	6.98
19208	19	3	2	2	3	173	13	13.307692307692308	8.78
19209	17	2	2	2	3	268	20	13.4	8.2
19210	23	3	3	3	3	271	8	33.875	3.12
19211	19	3	3	2	3	369	34	10.852941176470589	12.06
19212	17	2	2	3	3	346	26	13.307692307692308	8.5
19213	12	0	2	2	3	121	10	12.1	10.31
19214	15	2	2	2	2	250	13	19.23076923076923	5.58
19215	22	3	3	3	3	461	21	21.952380952380953	5.1
19216	14	0	2	2	3	150	12	12.5	9.23
19217	16	2	2	2	2	220	10	22.0	5.18
19219	11	1	2	1	2	46	3	15.333333333333334	7.32
19220	10	2	2	1	1	121	1	121.0	0.91
19221	8	1	1	1	1	60	2	30.0	4.55
19222	17	2	2	2	3	302	18	16.77777777777778	6.9
19223	20	3	3	3	3	245	13	18.846153846153847	6.31
19224	13	2	2	2	2	160	4	40.0	2.61
19225	10	1	1	2	2	134	5	26.8	4.0
19226	14	2	2	2	2	103	7	14.714285714285714	8.24
19227	23	3	3	3	3	294	15	19.6	5.66
19228	12	2	2	2	2	96	5	19.2	5.75
19229	23	3	3	3	3	356	25	14.24	8.36
19230	13	2	2	2	2	141	15	9.4	13.76
19231	11	2	2	1	2	107	2	53.5	2.02
19232	17	2	3	2	2	194	7	27.714285714285715	4.12
19233	18	2	2	2	3	228	23	9.91304347826087	13.29
19234	17	3	2	2	2	236	16	14.75	8.08
19236	16	2	2	2	2	276	12	23.0	4.8
19237	23	3	3	3	3	204	17	12.0	9.6
19238	20	3	3	2	3	249	22	11.318181818181818	11.28
19239	19	3	3	2	3	260	22	11.818181818181818	9.57
19240	16	2	2	2	3	243	12	20.25	5.38
19241	16	2	2	2	2	303	25	12.12	9.84
19242	17	2	3	2	2	231	9	25.666666666666668	4.81
19243	24	3	3	3	3	355	23	15.434782608695652	7.52
19244	19	2	3	3	3	199	24	8.291666666666666	13.79
19245	16	2	2	2	2	116	5	23.2	4.63
19246	15	2	2	2	2	125	2	62.5	1.74
19247	13	1	2	2	2	124	8	15.5	6.9
19248	21	3	3	3	3	292	16	18.25	5.9
19249	15	1	2	2	3	136	6	22.666666666666668	4.69
19250	23	3	3	3	3	287	23	12.478260869565217	9.13
19251	11	2	2	1	2	156	14	11.142857142857142	10.29
19253	16	2	2	2	2	130	6	21.666666666666668	5.56
19254	10	0	2	2	2	149	11	13.545454545454545	8.66
19255	15	2	2	3	2	124	14	8.857142857142858	16.28
19256	16	2	2	2	2	285	23	12.391304347826088	8.91
19257	16	2	2	2	2	147	9	16.333333333333332	6.57
19258	21	3	3	3	3	224	27	8.296296296296296	15.0
19259	15	2	2	2	2	153	10	15.3	7.09
19260	18	2	2	2	3	169	13	13.0	8.72
19261	17	2	2	2	3	316	18	17.555555555555557	6.27
19262	17	2	2	2	3	294	14	21.0	5.51
19263	19	2	3	3	3	237	13	18.23076923076923	6.22
19264	11	1	2	1	2	150	6	25.0	4.38
19265	19	3	2	3	3	299	20	14.95	7.33
19266	24	3	3	3	3	392	22	17.818181818181817	6.45
19267	18	3	3	2	1	394	21	18.761904761904763	6.36
19268	17	3	2	2	2	186	10	18.6	5.71
19270	22	3	3	3	3	268	10	26.8	4.29
19271	24	3	3	3	3	231	12	19.25	6.42
19272	16	2	2	2	2	149	9	16.555555555555557	7.14
19273	22	3	3	3	3	253	14	18.071428571428573	6.45
19274	18	2	2	2	3	151	11	13.727272727272727	8.15
19275	23	3	3	3	3	401	38	10.552631578947368	11.08
19276	16	3	2	2	2	164	5	32.8	3.33
19277	17	2	2	2	3	127	11	11.545454545454545	9.65
19278	24	3	3	3	3	487	42	11.595238095238095	10.85
19280	12	1	2	2	2	77	7	11.0	10.61
19281	17	2	2	2	3	181	12	15.083333333333334	7.5
19282	10	0	1	2	2	115	7	16.428571428571427	6.54
19283	18	2	3	2	3	143	8	17.875	6.45
19285	18	2	3	2	3	165	16	10.3125	10.88
19286	17	2	2	3	2	228	13	17.53846153846154	7.14
19287	14	2	2	2	2	98	7	14.0	8.14
19289	18	3	2	2	3	208	12	17.333333333333332	6.28
19290	23	3	3	3	3	220	19	11.578947368421053	10.22
19291	15	2	2	2	2	115	5	23.0	4.81
19292	16	2	2	2	2	223	14	15.928571428571429	6.93
19293	17	2	2	2	3	164	8	20.5	5.26
19294	18	2	2	2	3	197	11	17.90909090909091	6.25
19295	13	1	2	2	2	175	12	14.583333333333334	8.05
19296	14	2	2	2	2	220	9	24.444444444444443	4.31
19297	19	2	3	3	3	191	17	11.235294117647058	9.83
19298	13	2	2	1	2	243	2	121.5	0.86
19300	11	2	2	1	1	154	10	15.4	7.3
19301	22	3	3	3	3	259	19	13.631578947368421	8.37
19302	11	0	2	2	3	155	12	12.916666666666666	8.63
19303	14	2	2	2	2	83	7	11.857142857142858	9.33
19304	10	1	1	2	2	193	11	17.545454545454547	6.32
19305	17	2	2	2	3	102	7	14.571428571428571	7.78
19306	16	2	2	2	3	118	10	11.8	9.62
19307	19	2	3	3	3	208	11	18.90909090909091	5.73
19308	17	2	2	2	3	131	12	10.916666666666666	10.53
19310	10	1	1	1	2	70	6	11.666666666666666	9.52
19311	23	3	3	3	3	368	23	16.0	7.28
19312	24	3	3	3	3	539	35	15.4	8.37
19313	23	3	3	3	3	500	33	15.151515151515152	8.66
19314	18	3	3	2	2	266	34	7.823529411764706	20.0
19315	12	0	2	2	3	249	11	22.636363636363637	5.09
19316	11	2	2	2	1	102	5	20.4	5.1
19317	20	3	3	2	3	154	15	10.266666666666667	12.2
19318	14	2	2	2	2	134	7	19.142857142857142	6.25
19319	11	2	2	2	1	162	3	54.0	1.96
19320	8	0	2	1	2	65	5	13.0	10.64
19321	13	2	2	2	2	160	6	26.666666666666668	4.26
19322	20	3	3	2	3	191	12	15.916666666666666	7.89
19323	13	2	2	1	2	73	7	10.428571428571429	11.67
19324	16	2	2	2	2	168	13	12.923076923076923	8.61
19326	15	2	2	2	2	140	6	23.333333333333332	4.55
19327	16	2	2	2	2	126	12	10.5	10.71
19328	12	1	2	2	1	74	8	9.25	14.81
19329	16	2	2	2	2	104	4	26.0	4.08
19330	12	2	2	2	2	67	3	22.333333333333332	5.0
19331	20	3	3	3	3	225	19	11.842105263157896	9.5
19332	15	2	2	2	2	123	6	20.5	5.31
19333	16	2	2	2	2	187	7	26.714285714285715	4.09
19334	15	2	2	2	2	233	17	13.705882352941176	8.37
19335	14	2	2	2	2	218	11	19.818181818181817	6.01
19336	16	3	2	2	2	256	14	18.285714285714285	6.01
19337	6	1	1	1	0	160	7	22.857142857142858	4.76
19338	14	2	2	2	2	99	8	12.375	9.52
19339	15	2	2	2	2	152	4	38.0	2.92
19340	15	2	2	2	2	123	2	61.5	1.74
19341	12	1	2	2	2	150	7	21.428571428571427	4.96
19342	24	3	3	3	3	404	26	15.538461538461538	7.67
19343	20	3	3	2	3	219	8	27.375	3.88
19344	20	3	3	2	3	159	11	14.454545454545455	7.48
19345	16	2	2	2	2	106	6	17.666666666666668	6.0
19346	20	3	3	3	3	338	18	18.77777777777778	6.34
19348	9	2	1	1	1	151	2	75.5	1.39
19349	7	1	1	1	1	40	3	13.333333333333334	8.11
19350	16	2	2	2	2	104	7	14.857142857142858	8.14
19351	16	2	2	2	3	229	26	8.807692307692308	13.27
19352	22	3	3	3	3	217	17	12.764705882352942	8.9
19353	8	1	1	1	1	43	2	21.5	5.13
19354	14	2	2	2	2	152	6	25.333333333333332	5.13
19355	22	3	3	3	3	414	26	15.923076923076923	6.97
19356	16	2	2	2	2	144	4	36.0	3.28
19357	16	2	2	2	2	96	7	13.714285714285714	8.05
19358	8	1	1	1	1	49	2	24.5	4.26
19359	21	3	3	3	3	289	18	16.055555555555557	6.98
19360	18	3	3	2	2	345	18	19.166666666666668	5.81
19361	16	2	2	2	3	173	8	21.625	4.94
19362	13	1	2	2	2	82	7	11.714285714285714	9.72
19363	20	3	3	3	3	289	24	12.041666666666666	9.45
19364	21	3	3	3	3	203	9	22.555555555555557	5.17
19366	17	2	2	2	3	222	15	14.8	7.85
19368	16	2	2	2	2	229	20	11.45	9.95
19369	15	2	2	2	2	74	4	18.5	5.97
19371	7	0	1	1	2	39	4	9.75	11.43
19372	16	2	2	2	2	263	21	12.523809523809524	9.42
19373	6	0	1	1	1	61	3	20.333333333333332	5.17
19374	13	2	2	2	2	71	6	11.833333333333334	9.68
19375	17	2	2	2	3	122	8	15.25	7.14
19376	9	1	1	1	2	52	3	17.333333333333332	6.52
19377	14	1	2	2	2	72	4	18.0	7.27
19378	21	3	3	2	3	342	21	16.285714285714285	8.71
19379	22	3	3	3	3	292	14	20.857142857142858	5.22
19380	16	2	2	2	2	204	13	15.692307692307692	7.07
19381	22	3	3	3	3	323	30	10.766666666666667	11.32
19382	17	2	2	2	3	142	8	17.75	6.3
19383	21	3	3	3	2	254	2	127.0	0.78
19384	10	1	1	2	2	75	6	12.5	9.23
19385	14	2	2	2	2	115	8	14.375	8.0
19386	22	3	3	3	3	329	24	13.708333333333334	8.05
19387	14	2	2	2	2	108	9	12.0	9.47
19388	18	2	3	2	3	180	9	20.0	6.0
19389	16	2	2	2	2	213	7	30.428571428571427	3.5
19390	13	2	2	2	2	87	4	21.75	5.13
19391	18	2	3	3	3	153	12	12.75	9.92
19392	12	1	2	2	2	160	6	26.666666666666668	4.05
19393	8	1	1	1	1	59	1	59.0	1.69
19394	16	2	2	2	2	118	7	16.857142857142858	6.8
19395	24	3	3	3	3	567	32	17.71875	6.39
19396	18	2	3	2	3	214	11	19.454545454545453	5.53
19397	14	2	2	2	2	139	11	12.636363636363637	9.02
19398	8	1	1	1	1	72	2	36.0	2.9
19400	8	0	1	2	2	73	5	14.6	7.58
19401	13	1	2	2	2	94	6	15.666666666666666	7.59
19402	11	2	2	1	2	185	12	15.416666666666666	7.19
19403	21	3	3	3	2	312	11	28.363636363636363	4.12
19404	14	2	2	2	1	109	7	15.571428571428571	7.0
19405	14	2	2	2	2	142	4	35.5	2.94
19406	23	3	3	3	3	182	16	11.375	9.58
19408	14	2	2	2	2	194	11	17.636363636363637	6.21
19409	20	2	3	2	3	112	5	22.4	4.76
19410	16	2	2	2	2	284	13	21.846153846153847	4.89
19411	13	2	2	2	1	73	2	36.5	2.82
19412	20	3	3	2	3	201	13	15.461538461538462	7.03
19413	22	3	3	3	3	343	13	26.384615384615383	4.21
19414	21	3	3	3	3	337	19	17.736842105263158	6.69
19415	13	0	2	2	3	132	7	18.857142857142858	5.79
19416	16	2	2	2	2	159	10	15.9	6.71
19417	17	2	3	2	2	147	8	18.375	7.02
19419	19	3	3	2	3	213	10	21.3	5.46
19420	16	2	2	2	2	100	6	16.666666666666668	6.74
19421	23	3	3	3	3	437	25	17.48	6.74
19422	20	3	3	3	3	224	10	22.4	4.9
19423	22	3	3	3	3	136	12	11.333333333333334	10.08
19424	6	0	1	1	1	57	5	11.4	9.43
19425	13	2	2	2	1	162	9	18.0	6.52
19427	22	3	3	3	3	428	28	15.285714285714286	7.82
19428	10	1	2	1	2	80	11	7.2727272727272725	16.18
19429	20	2	2	3	3	239	18	13.277777777777779	10.53
19430	14	2	2	2	2	70	7	10.0	11.29
19431	20	2	3	3	3	218	10	21.8	5.21
19432	18	2	3	2	3	111	7	15.857142857142858	7.61
19433	19	3	3	2	3	246	12	20.5	5.33
19434	8	1	1	1	1	88	7	12.571428571428571	9.59
19435	17	2	2	2	3	280	19	14.736842105263158	8.56
19436	6	0	1	1	1	69	3	23.0	5.0
19437	16	2	3	2	2	248	8	31.0	3.4
19438	13	2	2	2	2	126	6	21.0	5.26
19439	12	1	1	2	3	167	8	20.875	5.26
19440	12	1	2	2	2	79	6	13.166666666666666	9.09
19441	22	3	3	3	3	514	43	11.953488372093023	11.03
19442	16	2	2	2	2	177	8	22.125	5.23
19443	19	2	3	2	3	226	19	11.894736842105264	10.16
19444	13	2	2	2	2	238	27	8.814814814814815	15.79
19445	19	2	3	3	3	172	6	28.666666666666668	4.26
19446	24	3	3	3	3	260	19	13.68421052631579	8.72
19447	18	2	2	2	3	113	10	11.3	12.82
19448	15	2	2	2	2	201	14	14.357142857142858	8.28
19449	12	0	1	2	3	126	9	14.0	8.11
19450	4	1	1	1	1	20	1	20.0	5.26
19451	22	3	3	3	3	245	21	11.666666666666666	11.05
19454	10	0	2	2	2	62	5	12.4	8.77
19455	13	2	2	2	2	84	6	14.0	8.33
19456	9	1	2	1	1	179	2	89.5	1.35
19457	16	2	2	2	2	180	12	15.0	7.32
19458	12	1	2	2	2	134	5	26.8	4.67
19459	21	3	3	3	3	241	18	13.38888888888889	8.41
19460	16	2	2	2	2	173	15	11.533333333333333	10.14
19462	16	2	2	2	2	169	13	13.0	8.72
19463	21	3	3	3	2	431	26	16.576923076923077	6.84
19464	16	2	2	2	3	127	4	31.75	3.39
19465	7	1	1	1	1	42	1	42.0	2.44
19466	15	2	2	2	2	189	6	31.5	3.47
19467	11	1	2	2	2	126	4	31.5	3.31
19468	21	3	3	3	3	253	17	14.882352941176471	8.33
19469	13	2	2	2	2	70	5	14.0	7.94
19470	15	2	2	2	3	228	10	22.8	4.78
19471	23	3	3	3	3	220	4	55.0	2.17
19472	19	2	2	3	3	25	1	25.0	4.35
19473	20	3	3	3	3	319	19	16.789473684210527	6.81
19474	20	3	3	3	3	266	7	38.0	2.97
19475	18	2	3	3	2	233	22	10.590909090909092	11.96
19476	17	2	2	3	2	161	12	13.416666666666666	8.28
19477	16	2	2	2	2	164	11	14.909090909090908	7.69
19478	24	3	3	3	3	345	30	11.5	11.28
19479	14	2	2	2	2	157	15	10.466666666666667	12.4
19480	12	2	2	2	1	119	3	39.666666666666664	2.68
19481	24	3	3	3	3	387	20	19.35	6.58
19482	19	3	2	2	3	241	17	14.176470588235293	7.91
19484	17	2	3	3	2	270	22	12.272727272727273	9.32
19485	18	2	2	2	3	146	2	73.0	1.33
19488	19	3	3	2	3	140	5	28.0	10.2
19489	12	2	2	2	2	87	4	21.75	4.76
19490	13	2	2	2	2	128	7	18.285714285714285	6.48
19491	8	1	1	1	2	77	6	12.833333333333334	8.7
19492	7	0	1	1	2	63	2	31.5	3.39
19493	6	1	1	1	2	27	2	13.5	8.7
19494	14	2	2	2	2	185	10	18.5	6.21
19495	13	2	2	2	2	111	4	27.75	4.08
19496	16	2	2	2	2	282	18	15.666666666666666	7.89
19497	9	1	2	1	1	34	2	17.0	6.9
19498	16	2	2	2	2	224	19	11.789473684210526	10.61
19499	21	3	3	3	3	347	28	12.392857142857142	9.69
19500	9	1	1	1	2	156	4	39.0	2.76
19501	24	3	3	3	3	296	13	22.76923076923077	4.85
19502	24	3	3	3	3	544	31	17.548387096774192	6.81
19503	16	2	2	2	2	149	6	24.833333333333332	4.62
19504	16	2	2	2	3	174	12	14.5	7.95
19505	17	2	2	2	3	243	17	14.294117647058824	7.94
19506	20	3	3	3	3	280	15	18.666666666666668	6.28
19507	17	2	2	2	3	215	12	17.916666666666668	6.49
19508	12	2	2	2	2	95	4	23.75	4.65
19509	11	1	1	2	2	74	4	18.5	6.15
19510	14	2	2	2	2	56	1	56.0	1.82
19511	11	1	1	2	2	181	11	16.454545454545453	6.92
19512	22	3	3	3	3	330	17	19.41176470588235	5.99
19513	18	2	3	2	2	214	10	21.4	5.13
19514	18	2	3	2	3	176	16	11.0	11.59
19515	19	3	3	2	3	129	9	14.333333333333334	7.63
19516	24	3	3	3	3	204	16	12.75	9.36
19517	14	2	2	2	2	122	11	11.090909090909092	10.38
19518	23	3	3	3	3	418	28	14.928571428571429	8.64
19519	19	3	3	2	3	188	11	17.09090909090909	7.43
19520	18	2	2	2	3	159	7	22.714285714285715	4.9
19521	13	1	2	2	2	61	5	12.2	9.43
19522	22	3	3	3	3	378	20	18.9	5.99
19523	19	2	3	3	3	207	13	15.923076923076923	7.18
19524	19	2	3	3	3	303	23	13.173913043478262	8.46
19525	17	2	2	2	3	135	7	19.285714285714285	5.88
19526	12	1	2	2	2	85	7	12.142857142857142	8.97
19527	13	2	2	2	2	99	10	9.9	11.9
19528	13	2	2	2	1	105	4	26.25	4.21
19529	24	3	3	3	3	505	27	18.703703703703702	7.01
19530	24	3	3	3	3	431	19	22.68421052631579	4.81
19533	14	2	2	2	2	133	10	13.3	8.7
19534	18	2	3	2	2	206	10	20.6	5.35
19535	16	2	2	2	2	147	5	29.4	3.62
19536	16	2	2	2	2	150	5	30.0	3.82
19537	13	2	2	2	2	42	2	21.0	5.56
19538	14	2	2	2	2	129	4	32.25	3.33
19539	14	2	2	2	2	249	7	35.57142857142857	2.89
19540	16	2	2	2	3	236	14	16.857142857142858	6.86
19541	13	2	2	2	1	182	11	16.545454545454547	6.63
19542	15	2	2	2	2	101	5	20.2	5.75
19543	16	2	2	2	2	129	6	21.5	4.88
19544	9	1	1	1	2	127	10	12.7	9.43
19545	15	2	2	2	2	144	7	20.571428571428573	5.93
19546	16	2	2	2	2	111	6	18.5	5.94
19547	18	3	3	2	2	328	15	21.866666666666667	5.0
19548	18	2	2	2	3	155	12	12.916666666666666	9.02
19549	8	1	1	1	1	123	2	61.5	1.68
19550	8	1	1	1	1	58	6	9.666666666666666	12.0
19553	19	3	3	2	3	182	13	14.0	8.33
19554	14	1	2	2	2	202	11	18.363636363636363	6.29
19555	18	2	3	2	3	174	14	12.428571428571429	9.03
19556	19	3	3	3	2	394	34	11.588235294117647	9.83
19557	24	3	3	3	3	348	25	13.92	8.31
19558	12	2	2	2	1	78	6	13.0	8.33
19559	16	1	2	2	3	239	9	26.555555555555557	4.04
19561	19	3	3	2	3	187	13	14.384615384615385	7.69
19562	22	3	3	3	3	389	30	12.966666666666667	9.46
19563	15	2	2	2	2	182	9	20.22222222222222	5.39
