id	overall_score	Ideas_and_Content	Organization	Voice	Word_Choice	Sentence_Fluency	Conventions	total_words	total_sentences	words_div_sentences	sent_density	pct_transitions	pct_rel_trigrams	grammar_errors_ltp_by_words
20716	34	4	4	4	4	4	3	835	39	21.41025641025641	5.51	0.0467	30.25	0.0718562874251497
20717	46	6	5	6	5	5	5	863	30	28.766666666666666	3.82	0.0935	45.38	0.019698725376593278
20718	40	4	4	4	4	4	4	969	39	24.846153846153847	4.53	0.0935	51.26	0.0196078431372549
20719	30	4	4	4	4	3	3	763	30	25.433333333333334	4.21	0.0561	34.45	0.0799475753604194
20721	26	3	3	3	3	3	3	708	26	27.23076923076923	4.02	0.0467	22.69	0.1652542372881356
20722	40	4	4	4	4	4	4	1043	72	14.48611111111111	9.94	0.028	29.41	0.007670182166826462
20723	40	4	4	4	4	4	4	1056	82	12.878048780487806	9.7	0.0748	38.66	0.01231060606060606
20724	34	4	3	4	4	4	4	315	17	18.529411764705884	5.78	0.0374	24.37	0.06031746031746032
20725	41	4	5	4	5	4	4	855	48	17.8125	6.27	0.0748	50.42	0.005847953216374269
20726	40	4	4	5	4	4	4	668	40	16.7	7.23	0.0561	32.77	0.017964071856287425
20727	31	3	4	4	3	3	3	493	18	27.38888888888889	4.07	0.0467	37.82	0.05476673427991886
20728	44	5	4	4	4	4	4	981	37	26.513513513513512	4.43	0.0374	39.5	0.017329255861365953
20732	31	4	3	4	3	3	3	845	17	49.705882352941174	2.08	0.0654	34.45	0.12189349112426036
20733	36	4	4	4	4	4	4	628	31	20.258064516129032	5.49	0.0748	28.57	0.042993630573248405
20734	43	4	4	5	5	5	5	1006	54	18.62962962962963	6.8	0.0935	40.34	0.009940357852882704
20735	20	2	2	3	3	2	2	135	4	33.75	2.92	0.0374	10.08	0.14074074074074075
20736	45	5	5	5	5	5	5	833	41	20.317073170731707	5.66	0.0374	37.82	0.012004801920768308
20737	40	4	4	5	4	4	4	593	38	15.605263157894736	7.1	0.0654	36.13	0.021922428330522766
20739	30	3	3	4	3	3	3	831	52	15.98076923076923	6.94	0.0561	44.54	0.030084235860409144
20741	35	4	4	4	4	4	4	329	30	10.966666666666667	10.71	0.0374	27.73	0.00303951367781155
20742	40	4	4	4	4	4	4	715	28	25.535714285714285	4.42	0.0561	37.82	0.013986013986013986
20743	42	5	5	5	4	4	4	1022	61	16.75409836065574	7.12	0.0561	36.97	0.036203522504892366
20745	34	4	4	4	4	4	3	595	7	85.0	1.35	0.0841	23.53	0.11428571428571428
20746	33	4	4	4	4	3	3	948	32	29.625	3.74	0.0748	41.18	0.06962025316455696
20747	38	4	4	4	4	4	4	395	22	17.954545454545453	6.13	0.0187	24.37	0.007594936708860759
20748	36	4	4	4	3	3	4	757	40	18.925	5.78	0.0467	30.25	0.07793923381770146
20751	45	5	5	5	5	5	5	687	37	18.56756756756757	5.96	0.1028	35.29	0.020378457059679767
20754	31	4	3	4	4	3	3	894	36	24.833333333333332	4.28	0.0748	42.02	0.024608501118568233
20755	30	3	3	4	3	3	3	281	17	16.529411764705884	7.39	0.0467	26.05	0.0071174377224199285
20756	34	4	4	4	4	4	3	806	18	44.77777777777778	2.42	0.0841	47.9	0.04466501240694789
20757	33	4	4	4	4	4	3	817	27	30.25925925925926	3.67	0.0654	33.61	0.03182374541003672
20758	40	4	4	4	4	5	4	1007	62	16.241935483870968	7.1	0.0748	47.9	0.015888778550148957
20759	47	4	5	5	5	5	5	914	64	14.28125	8.54	0.0935	32.77	0.007658643326039387
20760	30	3	3	3	3	3	3	1023	54	18.944444444444443	6.42	0.1028	38.66	0.01270772238514174
20761	40	4	4	4	4	4	4	973	61	15.950819672131148	7.08	0.1215	42.02	0.022610483042137718
20762	32	3	4	4	4	4	3	517	22	23.5	4.76	0.0748	31.93	0.06769825918762089
20763	40	4	4	5	4	4	4	967	53	18.245283018867923	6.23	0.1028	36.13	0.02171664943123061
20764	30	3	3	4	4	3	3	329	6	54.833333333333336	1.95	0.0187	20.17	0.057750759878419454
20765	40	4	4	4	4	4	4	1048	47	22.29787234042553	5.49	0.0841	44.54	0.011450381679389313
20766	45	5	5	5	5	5	5	1023	56	18.267857142857142	6.61	0.0654	39.5	0.004887585532746823
20767	45	5	5	5	5	5	5	818	60	13.633333333333333	8.94	0.0467	35.29	0.009779951100244499
20768	45	5	5	6	5	5	5	1035	52	19.903846153846153	6.05	0.0841	37.82	0.010628019323671498
20769	50	5	5	5	5	5	5	1075	80	13.4375	9.33	0.0841	39.5	0.023255813953488372
20770	39	4	4	4	5	5	4	509	24	21.208333333333332	5.38	0.0561	34.45	0.0
20771	33	3	3	4	3	4	4	430	27	15.925925925925926	7.32	0.0374	25.21	0.020930232558139535
20772	33	3	4	4	4	3	4	709	30	23.633333333333333	5.39	0.028	26.89	0.03244005641748942
20773	34	4	4	4	4	3	3	556	43	12.930232558139535	8.96	0.0467	30.25	0.014388489208633094
20774	40	4	4	4	4	4	4	601	28	21.464285714285715	5.05	0.0374	26.05	0.024958402662229616
20775	33	4	4	4	4	4	3	365	13	28.076923076923077	4.01	0.0467	13.45	0.06575342465753424
20776	33	4	3	4	4	3	4	756	30	25.2	4.45	0.0654	36.13	0.02513227513227513
20777	40	4	4	5	4	4	4	634	43	14.744186046511627	8.79	0.0561	30.25	0.011041009463722398
20778	36	4	4	4	4	4	4	691	30	23.033333333333335	4.97	0.0748	36.13	0.0361794500723589
20779	37	4	4	4	4	4	4	728	32	22.75	4.78	0.0187	47.9	0.02197802197802198
20781	40	4	4	4	4	3	4	878	40	21.95	5.17	0.0561	42.86	0.03530751708428246
20783	33	4	4	4	4	4	3	680	43	15.813953488372093	7.41	0.0467	42.02	0.011764705882352941
20784	37	4	4	4	4	4	4	675	39	17.307692307692307	6.22	0.0467	44.54	0.017777777777777778
20785	42	5	4	5	4	5	4	581	31	18.741935483870968	6.24	0.0654	36.97	0.01549053356282272
20787	40	4	4	4	4	4	4	428	29	14.758620689655173	7.65	0.0467	29.41	0.02102803738317757
20790	40	4	4	5	4	4	4	659	34	19.38235294117647	5.91	0.0561	32.77	0.009104704097116844
20791	38	4	4	4	4	4	4	368	22	16.727272727272727	6.75	0.0093	31.09	0.01358695652173913
20792	31	3	3	4	4	4	3	340	29	11.724137931034482	10.0	0.0187	30.25	0.03529411764705882
20793	42	5	4	5	5	5	4	892	56	15.928571428571429	7.05	0.0748	33.61	0.011210762331838564
20794	40	4	4	4	4	4	4	699	36	19.416666666666668	5.53	0.0467	36.97	0.011444921316165951
20795	35	4	4	4	4	4	3	687	37	18.56756756756757	6.0	0.0374	31.09	0.010189228529839884
20796	35	4	4	4	4	4	3	1069	70	15.271428571428572	8.22	0.1215	46.22	0.02245088868101029
20797	33	3	3	3	3	4	4	273	12	22.75	5.0	0.0467	21.85	0.018315018315018316
20800	33	4	4	4	4	4	3	751	45	16.68888888888889	7.71	0.0374	35.29	0.017310252996005325
20802	30	3	3	3	3	3	3	921	31	29.70967741935484	3.6	0.0654	38.66	0.026058631921824105
20803	37	4	4	4	4	4	4	452	20	22.6	4.91	0.0561	33.61	0.017699115044247787
20804	40	4	4	5	4	4	4	471	21	22.428571428571427	4.84	0.0374	23.53	0.029723991507430998
20805	40	4	4	4	4	4	4	959	43	22.302325581395348	4.95	0.1028	37.82	0.008342022940563087
20806	35	4	4	4	4	4	3	675	34	19.852941176470587	5.87	0.0561	39.5	0.034074074074074076
20807	35	4	4	4	4	4	4	581	32	18.15625	6.79	0.0374	27.73	0.013769363166953529
20808	31	3	3	4	4	4	3	695	43	16.162790697674417	7.2	0.0748	31.93	0.051798561151079135
20809	40	4	4	5	4	4	4	970	56	17.321428571428573	6.58	0.1028	42.86	0.021649484536082474
20812	40	4	4	5	4	4	4	1076	70	15.371428571428572	8.09	0.0841	36.13	0.00929368029739777
20813	36	4	4	4	4	4	3	509	24	21.208333333333332	5.17	0.0841	36.13	0.0412573673870334
20814	32	4	4	4	3	3	3	993	77	12.896103896103897	9.1	0.0841	39.5	0.021148036253776436
20815	31	4	3	4	3	3	3	830	32	25.9375	4.15	0.0561	44.54	0.03975903614457831
20817	30	3	3	3	4	3	3	309	19	16.263157894736842	7.17	0.0187	16.81	0.016181229773462782
20818	32	4	4	4	3	3	3	928	20	46.4	2.34	0.0841	35.29	0.032327586206896554
20819	30	3	3	3	3	3	3	358	17	21.058823529411764	5.04	0.0093	23.53	0.027932960893854747
20821	55	6	6	6	5	6	6	1003	65	15.430769230769231	7.77	0.0935	37.82	0.01296111665004985
20822	45	5	5	5	5	5	5	875	47	18.617021276595743	6.05	0.0561	47.9	0.008
20823	41	5	4	5	5	4	4	945	42	22.5	5.29	0.0748	36.97	0.012698412698412698
20824	45	5	5	5	5	5	5	646	47	13.74468085106383	8.48	0.0467	44.54	0.0046439628482972135
20825	33	4	4	4	4	4	3	561	31	18.096774193548388	6.01	0.0654	30.25	0.040998217468805706
20826	60	6	6	6	6	6	6	832	83	10.024096385542169	12.31	0.0467	35.29	0.025240384615384616
20827	45	5	5	5	5	5	5	786	50	15.72	8.16	0.0561	33.61	0.017811704834605598
20828	28	3	3	4	3	3	3	282	12	23.5	4.78	0.0	19.33	0.08865248226950355
20829	49	5	5	5	5	5	5	739	49	15.081632653061224	8.31	0.028	29.41	0.017591339648173207
20830	33	3	4	4	4	4	3	697	37	18.83783783783784	5.89	0.0467	42.02	0.028694404591104734
20831	29	3	3	3	3	3	3	309	9	34.333333333333336	3.04	0.028	16.81	0.038834951456310676
20832	36	4	4	4	4	4	4	910	45	20.22222222222222	5.66	0.0748	42.86	0.00989010989010989
20833	40	4	4	4	4	4	4	797	57	13.982456140350877	8.62	0.0654	31.09	0.011292346298619825
20835	40	4	4	4	4	4	4	732	36	20.333333333333332	5.56	0.0654	40.34	0.00546448087431694
20836	40	4	4	4	4	4	4	612	30	20.4	5.59	0.1028	30.25	0.026143790849673203
20838	27	3	3	3	3	3	3	311	19	16.36842105263158	6.74	0.028	24.37	0.03858520900321544
20839	24	3	2	3	3	2	3	178	1	178.0	0.57	0.0093	10.92	0.10674157303370786
20840	32	3	4	4	4	4	3	347	23	15.08695652173913	7.21	0.0467	32.77	0.0345821325648415
20841	33	4	4	4	4	3	3	738	38	19.42105263157895	5.73	0.1028	47.06	0.04878048780487805
20842	40	4	4	4	5	4	4	1059	44	24.068181818181817	5.03	0.0748	41.18	0.016052880075542966
20844	30	4	3	4	4	3	3	1080	60	18.0	6.82	0.1028	35.29	0.03148148148148148
20846	34	4	4	4	4	4	4	634	37	17.135135135135137	6.49	0.0748	39.5	0.012618296529968454
20847	35	4	4	4	4	4	4	627	34	18.441176470588236	6.2	0.0561	26.05	0.012759170653907496
20848	30	3	3	4	4	3	3	984	48	20.5	5.59	0.0561	42.86	0.011178861788617886
20849	44	5	5	5	4	5	4	941	32	29.40625	3.76	0.0841	47.06	0.008501594048884165
20850	31	3	3	4	3	4	3	272	14	19.428571428571427	5.88	0.0093	24.37	0.04411764705882353
20851	32	4	3	4	4	4	3	526	30	17.533333333333335	6.61	0.0374	26.89	0.02091254752851711
20852	40	4	4	4	4	4	4	606	36	16.833333333333332	6.81	0.0374	36.97	0.013201320132013201
20853	32	4	4	4	4	3	3	594	22	27.0	4.11	0.0467	33.61	0.06902356902356903
20856	40	4	4	4	4	4	4	457	26	17.576923076923077	6.77	0.0467	29.41	0.019693654266958426
20857	36	4	4	4	4	4	4	781	43	18.162790697674417	7.33	0.0654	27.73	0.029449423815621
20859	43	5	5	5	4	5	4	976	56	17.428571428571427	6.5	0.0841	42.02	0.018442622950819672
20860	36	4	4	4	4	4	4	543	26	20.884615384615383	5.14	0.0561	42.02	0.022099447513812154
20861	40	4	4	4	4	4	4	595	29	20.517241379310345	5.57	0.0748	31.93	0.01680672268907563
20862	45	5	5	5	4	5	5	892	62	14.387096774193548	8.12	0.0841	44.54	0.006726457399103139
20863	36	3	4	4	4	4	4	621	32	19.40625	6.06	0.0654	34.45	0.0499194847020934
20865	38	4	4	4	4	4	4	905	53	17.07547169811321	6.31	0.0748	40.34	0.023204419889502764
20866	37	4	4	4	4	4	4	925	59	15.677966101694915	7.46	0.0841	45.38	0.011891891891891892
20869	36	4	4	4	4	4	4	905	70	12.928571428571429	9.02	0.0561	33.61	0.02983425414364641
20870	31	3	4	4	4	3	3	331	18	18.38888888888889	6.12	0.0561	21.01	0.01812688821752266
20871	20	3	3	3	3	3	3	78	4	19.5	5.88	0.0	5.04	0.0641025641025641
20872	38	4	4	4	4	4	4	734	43	17.069767441860463	6.97	0.0654	37.82	0.01226158038147139
20874	32	4	3	4	3	4	3	543	5	108.6	0.97	0.0187	33.61	0.16390423572744015
20876	37	4	4	4	4	4	4	780	32	24.375	4.46	0.0748	43.7	0.019230769230769232
20877	40	4	4	4	4	4	4	675	36	18.75	5.83	0.0748	36.13	0.037037037037037035
20878	35	4	4	4	4	4	3	755	26	29.03846153846154	3.73	0.0748	36.13	0.017218543046357615
20879	40	4	4	4	4	4	4	737	24	30.708333333333332	3.72	0.0654	38.66	0.008141112618724558
20881	28	4	3	4	3	3	3	987	34	29.029411764705884	4.23	0.0561	30.25	0.019250253292806486
20882	38	5	4	5	4	5	3	874	54	16.185185185185187	7.0	0.0654	42.86	0.020594965675057208
20883	36	4	4	4	4	4	4	535	29	18.448275862068964	6.03	0.0187	35.29	0.014953271028037384
20884	43	4	4	4	4	5	5	762	36	21.166666666666668	5.22	0.0374	34.45	0.013123359580052493
20885	34	4	3	4	4	4	4	367	15	24.466666666666665	4.36	0.0654	22.69	0.0326975476839237
20887	32	4	4	4	4	3	3	515	4	128.75	0.79	0.028	29.41	0.08349514563106795
20888	50	5	4	5	4	5	5	792	42	18.857142857142858	5.86	0.0561	44.54	0.017676767676767676
20889	40	4	4	4	4	4	4	650	28	23.214285714285715	5.26	0.0841	31.93	0.016923076923076923
20892	40	4	4	4	4	4	4	622	20	31.1	3.79	0.0374	37.82	0.012861736334405145
20893	37	4	4	4	4	4	4	473	24	19.708333333333332	5.73	0.0748	32.77	0.02536997885835095
20894	36	4	4	4	4	4	3	858	43	19.953488372093023	5.64	0.0374	47.06	0.05827505827505827
20895	40	4	4	4	4	4	4	592	33	17.939393939393938	6.24	0.028	35.29	0.010135135135135136
20896	30	3	3	4	3	3	3	242	18	13.444444444444445	9.52	0.0374	10.08	0.02066115702479339
20897	32	3	3	4	4	3	4	278	23	12.08695652173913	9.24	0.028	24.37	0.014388489208633094
20898	44	5	5	5	5	5	4	1002	45	22.266666666666666	5.17	0.1028	37.82	0.027944111776447105
20899	37	4	4	4	4	4	4	913	47	19.425531914893618	6.05	0.0561	36.97	0.019715224534501644
20900	42	4	5	5	5	5	4	719	29	24.79310344827586	4.62	0.0748	38.66	0.008344923504867872
20901	40	4	4	4	4	4	4	873	59	14.796610169491526	8.26	0.0187	40.34	0.013745704467353952
20902	40	4	4	4	4	4	4	771	34	22.676470588235293	5.01	0.0654	47.06	0.055771725032425425
20904	30	3	3	3	3	3	3	749	26	28.807692307692307	3.99	0.0561	38.66	0.06408544726301736
20905	34	3	4	4	3	4	4	929	48	19.354166666666668	5.83	0.0935	36.97	0.03444564047362755
20906	44	5	4	4	5	5	5	450	26	17.307692307692307	6.16	0.0467	31.09	0.015555555555555555
20907	36	4	4	4	4	4	4	951	50	19.02	6.68	0.0374	31.93	0.024185068349106203
20908	35	4	4	4	4	4	4	453	28	16.178571428571427	7.16	0.0374	24.37	0.011037527593818985
20909	34	4	4	4	4	3	3	949	44	21.568181818181817	5.12	0.0935	36.97	0.020021074815595362
20910	32	4	3	4	4	4	3	415	22	18.863636363636363	5.96	0.0374	24.37	0.08433734939759036
20911	40	4	4	4	4	4	4	604	37	16.324324324324323	7.84	0.0467	30.25	0.009933774834437087
20913	34	4	4	5	4	4	3	580	22	26.363636363636363	4.17	0.0654	37.82	0.013793103448275862
20914	40	4	4	4	4	4	4	882	45	19.6	6.28	0.0841	42.86	0.009070294784580499
20915	40	4	4	4	4	4	4	1143	70	16.32857142857143	7.91	0.0748	39.5	0.017497812773403325
20916	37	4	4	5	4	4	4	891	33	27.0	4.07	0.0935	48.74	0.02132435465768799
20917	38	4	4	4	4	4	4	581	41	14.170731707317072	8.28	0.0374	35.29	0.06196213425129088
20918	29	3	3	3	3	3	3	402	4	100.5	1.0	0.0467	26.89	0.1517412935323383
20919	34	3	4	4	4	4	4	281	19	14.789473684210526	8.05	0.0187	22.69	0.02491103202846975
20920	32	4	3	4	3	4	3	602	17	35.411764705882355	3.08	0.0467	30.25	0.044850498338870434
20921	43	4	4	5	5	5	5	1006	47	21.404255319148938	5.46	0.0748	40.34	0.012922465208747515
20922	37	4	4	4	4	4	4	335	15	22.333333333333332	5.15	0.0467	25.21	0.01791044776119403
20923	34	3	3	3	3	3	4	674	29	23.24137931034483	4.9	0.0561	43.7	0.016320474777448073
20924	29	3	3	3	3	3	3	255	12	21.25	5.11	0.0093	21.85	0.023529411764705882
20925	30	3	3	4	4	3	3	467	24	19.458333333333332	5.62	0.028	25.21	0.034261241970021415
20926	47	5	5	5	5	5	5	864	48	18.0	6.5	0.0841	40.34	0.005787037037037037
20927	36	4	4	4	4	4	4	957	35	27.34285714285714	4.13	0.1308	40.34	0.017763845350052248
20928	40	4	4	4	4	4	4	397	27	14.703703703703704	7.63	0.0748	26.89	0.007556675062972292
20929	29	3	3	4	4	4	3	224	9	24.88888888888889	4.39	0.0187	16.81	0.08928571428571429
20930	40	4	4	4	4	4	4	1051	49	21.448979591836736	5.71	0.1028	39.5	0.0028544243577545195
20931	41	5	4	5	4	4	4	1022	70	14.6	8.37	0.1121	40.34	0.03228962818003914
20932	40	4	4	5	4	4	4	724	33	21.939393939393938	5.24	0.0841	45.38	0.0027624309392265192
20933	32	3	3	4	4	3	4	540	18	30.0	3.58	0.0467	35.29	0.022222222222222223
20935	40	4	4	5	4	4	4	796	37	21.513513513513512	5.15	0.0654	38.66	0.028894472361809045
20936	44	4	4	4	4	4	4	797	37	21.54054054054054	5.67	0.0561	30.25	0.006273525721455458
20938	34	3	4	4	3	4	4	790	52	15.192307692307692	7.12	0.0841	43.7	0.0670886075949367
20939	31	3	3	4	4	4	3	369	18	20.5	5.2	0.0187	21.85	0.02710027100271003
20940	40	4	3	4	4	4	4	484	20	24.2	4.49	0.0561	23.53	0.0371900826446281
20942	40	4	4	5	4	4	4	569	43	13.232558139534884	8.51	0.0467	38.66	0.007029876977152899
20943	40	4	4	5	4	4	4	1204	96	12.541666666666666	10.75	0.0654	30.25	0.007475083056478406
20944	31	3	4	4	3	3	3	865	68	12.720588235294118	9.42	0.0561	37.82	0.019653179190751446
20945	29	3	3	3	4	4	3	513	2	256.5	0.41	0.0467	23.53	0.1286549707602339
20946	43	4	4	4	4	5	5	825	41	20.121951219512194	5.59	0.1308	47.9	0.014545454545454545
20947	40	4	4	4	4	4	4	1009	59	17.10169491525424	7.52	0.0841	42.86	0.005946481665014866
20948	40	4	4	4	4	4	4	988	72	13.722222222222221	8.37	0.0841	37.82	0.024291497975708502
20949	36	4	4	4	4	4	4	841	45	18.68888888888889	6.04	0.0561	44.54	0.0178359096313912
20953	31	3	3	4	4	4	3	679	35	19.4	6.32	0.0374	27.73	0.014727540500736377
20954	15	2	2	2	2	2	2	286	19	15.052631578947368	6.93	0.0187	28.57	0.3321678321678322
20955	40	5	5	5	4	4	4	917	35	26.2	4.11	0.0654	47.06	0.009814612868047983
20956	36	4	4	4	4	4	4	515	33	15.606060606060606	7.37	0.0654	27.73	0.019417475728155338
20957	45	5	5	5	5	5	5	932	41	22.73170731707317	4.96	0.0561	43.7	0.006437768240343348
20958	35	4	4	4	4	4	3	643	35	18.37142857142857	6.69	0.0374	30.25	0.024883359253499222
20959	45	5	5	5	5	5	5	925	51	18.137254901960784	6.38	0.0748	42.02	0.012972972972972972
20962	40	4	4	4	4	4	4	929	35	26.542857142857144	4.1	0.1028	42.86	0.04305705059203445
20963	40	4	4	4	4	4	4	779	37	21.054054054054053	5.34	0.0748	47.9	0.0038510911424903724
20964	36	4	4	4	4	4	4	992	45	22.044444444444444	5.26	0.0935	41.18	0.023185483870967742
20965	28	3	3	3	3	3	3	192	7	27.428571428571427	3.95	0.0374	18.49	0.052083333333333336
20966	40	4	4	4	4	4	4	760	26	29.23076923076923	3.7	0.0654	36.97	0.02368421052631579
20967	20	2	2	3	3	2	2	518	3	172.66666666666666	0.59	0.0561	21.85	0.032818532818532815
20968	36	4	4	4	4	4	3	850	48	17.708333333333332	6.17	0.1028	42.86	0.04588235294117647
20971	46	5	5	5	5	5	5	820	37	22.16216216216216	5.42	0.0467	34.45	0.004878048780487805
20972	32	3	3	4	4	4	3	401	28	14.321428571428571	8.51	0.0374	26.89	0.029925187032418952
20973	41	5	4	4	4	4	4	631	30	21.033333333333335	5.16	0.0935	40.34	0.01901743264659271
20974	44	5	5	5	5	4	4	987	48	20.5625	5.65	0.0561	49.58	0.0070921985815602835
20975	36	4	4	4	4	4	4	610	28	21.785714285714285	5.0	0.0467	31.09	0.022950819672131147
20976	42	5	5	5	4	4	4	1064	73	14.575342465753424	8.58	0.0748	36.97	0.015037593984962405
20977	42	5	5	5	4	4	4	938	59	15.898305084745763	7.22	0.0841	44.54	0.009594882729211088
20979	31	4	3	4	4	3	3	554	14	39.57142857142857	2.75	0.0654	25.21	0.05956678700361011
20981	40	5	5	5	5	5	5	368	16	23.0	5.13	0.028	23.53	0.02717391304347826
20982	32	3	3	4	3	3	4	530	19	27.894736842105264	4.07	0.0374	26.05	0.02830188679245283
20983	43	5	5	5	5	5	4	640	25	25.6	4.19	0.0467	38.66	0.0140625
20984	31	3	4	4	4	3	3	819	26	31.5	3.49	0.0561	40.34	0.029304029304029304
20985	36	4	4	4	4	4	3	526	26	20.23076923076923	6.18	0.0467	12.61	0.02091254752851711
20987	35	4	4	4	4	4	4	654	33	19.818181818181817	5.63	0.0467	42.86	0.01834862385321101
20988	36	4	4	5	5	4	4	971	53	18.32075471698113	6.2	0.1028	41.18	0.01956745623069001
20992	40	4	4	4	4	4	4	706	40	17.65	6.36	0.0374	42.86	0.014164305949008499
20993	45	5	5	5	5	5	5	991	44	22.522727272727273	5.19	0.0654	49.58	0.007063572149344097
20994	40	4	4	5	5	4	4	664	35	18.97142857142857	6.08	0.0841	36.13	0.018072289156626505
20996	38	4	3	4	4	4	4	198	14	14.142857142857142	7.82	0.0093	13.45	0.030303030303030304
20998	36	4	4	4	4	4	4	697	38	18.342105263157894	6.25	0.0561	33.61	0.021520803443328552
20999	37	4	4	4	4	4	4	726	35	20.742857142857144	5.37	0.0841	36.97	0.01652892561983471
21000	30	3	3	4	4	3	3	320	18	17.77777777777778	6.5	0.0467	19.33	0.025
21001	41	5	4	5	4	4	4	947	61	15.524590163934427	7.13	0.0561	42.86	0.009503695881731784
21002	40	4	4	4	4	4	4	564	37	15.243243243243244	7.57	0.0748	34.45	0.028368794326241134
21003	36	4	4	4	4	4	4	720	32	22.5	5.1	0.0467	27.73	0.0125
21004	29	3	3	3	3	3	3	349	12	29.083333333333332	3.85	0.0374	28.57	0.03151862464183381
21005	32	4	3	4	4	4	3	503	33	15.242424242424242	7.66	0.0467	36.13	0.0019880715705765406
21006	36	4	4	4	4	4	4	865	36	24.02777777777778	4.74	0.0841	44.54	0.016184971098265895
21007	40	4	4	4	4	4	4	811	38	21.342105263157894	5.17	0.0467	39.5	0.03329223181257707
21008	40	4	4	5	5	4	4	698	31	22.516129032258064	4.71	0.0467	34.45	0.017191977077363897
21009	33	4	4	4	4	4	3	950	37	25.675675675675677	4.44	0.0748	47.9	0.023157894736842106
21010	40	4	4	4	4	4	4	733	36	20.36111111111111	5.35	0.0467	31.93	0.03956343792633015
21012	30	3	3	4	3	3	3	656	10	65.6	1.71	0.0467	28.57	0.1448170731707317
21013	24	3	3	4	3	3	3	242	8	30.25	3.42	0.0093	15.97	0.045454545454545456
21014	33	4	4	4	4	4	3	412	24	17.166666666666668	7.0	0.0561	17.65	0.0825242718446602
21015	40	4	4	4	4	4	4	743	38	19.55263157894737	5.86	0.0654	39.5	0.008075370121130552
21016	31	3	3	3	3	3	4	427	18	23.72222222222222	4.79	0.0467	26.89	0.02107728337236534
21017	27	3	3	3	3	3	3	160	9	17.77777777777778	6.47	0.0093	9.24	0.01875
21020	33	3	3	3	4	4	4	142	7	20.285714285714285	5.38	0.0187	14.29	0.028169014084507043
21021	40	4	4	5	5	4	4	653	30	21.766666666666666	4.95	0.0841	42.86	0.018376722817764167
21022	37	4	4	4	4	4	4	923	49	18.836734693877553	6.3	0.1215	45.38	0.0390032502708559
21023	34	3	4	4	4	4	4	573	29	19.75862068965517	5.75	0.0748	27.73	0.02617801047120419
21024	33	4	3	3	4	3	4	258	13	19.846153846153847	5.24	0.0093	17.65	0.031007751937984496
21025	40	5	5	5	4	4	4	758	35	21.65714285714286	5.07	0.0654	36.97	0.017150395778364115
21026	32	4	4	4	4	3	3	691	33	20.939393939393938	5.21	0.0561	36.97	0.03762662807525326
21028	32	3	3	3	4	3	4	993	51	19.470588235294116	6.33	0.0654	35.29	0.015105740181268883
21029	30	3	3	4	4	3	3	256	7	36.57142857142857	3.07	0.0374	19.33	0.09375
21030	44	5	5	5	4	4	5	590	31	19.032258064516128	6.1	0.0561	36.13	0.01694915254237288
21031	25	3	3	4	4	3	2	902	20	45.1	2.37	0.028	30.25	0.0942350332594235
21032	40	4	4	5	5	4	4	1005	55	18.272727272727273	6.51	0.0748	47.9	0.011940298507462687
21033	27	3	3	4	4	3	3	794	26	30.53846153846154	3.72	0.0467	34.45	0.05037783375314862
21034	36	4	4	4	4	4	4	549	8	68.625	1.64	0.028	25.21	0.0273224043715847
21035	45	5	5	5	5	5	5	687	39	17.615384615384617	6.72	0.0561	31.93	0.00727802037845706
21036	41	5	4	5	4	4	4	703	33	21.303030303030305	5.32	0.0748	40.34	0.008534850640113799
21037	50	5	5	5	5	5	5	1035	60	17.25	6.86	0.1215	33.61	0.00966183574879227
21038	42	4	4	4	4	4	5	609	23	26.47826086956522	4.64	0.0467	26.89	0.016420361247947456
21039	36	4	4	4	4	4	4	688	14	49.142857142857146	2.11	0.0561	39.5	0.10901162790697674
21042	36	4	4	4	4	4	4	978	42	23.285714285714285	4.89	0.0748	50.42	0.03578732106339468
21043	40	4	4	5	4	4	4	965	34	28.38235294117647	4.11	0.0748	40.34	0.013471502590673576
21044	36	4	4	4	4	4	4	822	46	17.869565217391305	6.36	0.0935	40.34	0.01824817518248175
21045	37	4	4	4	4	4	4	441	30	14.7	7.69	0.028	27.73	0.04308390022675737
21049	40	4	4	4	4	4	4	925	37	25.0	4.42	0.1028	42.02	0.061621621621621624
21051	42	6	4	6	5	5	4	907	57	15.912280701754385	6.84	0.1028	42.86	0.015435501653803748
21052	32	4	3	4	4	3	3	959	20	47.95	2.32	0.0748	38.66	0.03128258602711158
21053	30	3	3	4	4	4	4	636	30	21.2	5.25	0.0748	33.61	0.0047169811320754715
21054	43	5	5	5	5	5	4	974	43	22.651162790697676	5.11	0.0841	44.54	0.015400410677618069
21055	35	4	4	4	4	4	4	371	17	21.823529411764707	4.87	0.0374	23.53	0.04043126684636118
21056	48	5	4	5	5	5	5	803	36	22.305555555555557	5.2	0.0561	45.38	0.012453300124533
21057	40	4	4	5	4	4	4	1179	84	14.035714285714286	9.74	0.0935	36.97	0.0033927056827820186
21058	40	4	4	4	4	4	4	1156	82	14.097560975609756	9.4	0.0561	31.93	0.010380622837370242
21059	45	5	5	5	5	5	5	747	27	27.666666666666668	4.13	0.0654	40.34	0.004016064257028112
21060	45	5	5	5	5	5	5	1048	77	13.61038961038961	8.97	0.1028	35.29	0.01049618320610687
21061	30	3	3	4	4	3	3	445	27	16.48148148148148	6.63	0.0187	25.21	0.0853932584269663
21063	37	4	4	4	4	4	4	652	41	15.902439024390244	7.17	0.0467	35.29	0.010736196319018405
21064	38	4	4	4	4	4	4	909	30	30.3	3.81	0.028	42.02	0.033003300330033
21065	47	5	5	5	5	5	5	642	38	16.894736842105264	6.52	0.028	43.7	0.009345794392523364
21067	41	5	4	5	5	5	4	955	54	17.685185185185187	6.3	0.0748	42.86	0.007329842931937173
21068	36	4	4	4	4	4	4	666	25	26.64	4.52	0.0654	29.41	0.06606606606606606
21069	42	5	4	5	5	4	5	983	35	28.085714285714285	4.07	0.0935	45.38	0.018311291963377416
21070	40	4	4	4	4	4	4	951	64	14.859375	9.01	0.0748	31.93	0.007360672975814932
21071	30	3	3	4	4	3	3	986	41	24.048780487804876	4.79	0.0654	37.82	0.037525354969574036
21072	35	4	4	4	4	4	4	800	19	42.10526315789474	2.73	0.0654	39.5	0.02
21073	40	4	4	4	5	4	4	1018	41	24.829268292682926	4.85	0.028	42.86	0.014734774066797643
21074	37	4	4	5	5	4	4	795	52	15.288461538461538	7.34	0.0561	47.06	0.027672955974842768
21075	35	4	4	4	4	4	4	620	28	22.142857142857142	4.98	0.0748	34.45	0.016129032258064516
21076	40	4	4	4	4	4	4	847	43	19.697674418604652	5.74	0.0748	44.54	0.02243211334120425
21077	40	4	4	4	4	4	4	651	35	18.6	5.85	0.0467	28.57	0.026113671274961597
21078	35	4	4	4	4	4	4	385	20	19.25	5.81	0.0561	24.37	0.023376623376623377
21079	34	3	4	3	3	4	4	351	20	17.55	6.39	0.028	31.09	0.014245014245014245
21081	36	4	4	4	4	4	4	918	38	24.157894736842106	4.44	0.1028	35.29	0.03159041394335512
21083	41	4	4	5	5	5	4	675	19	35.526315789473685	3.12	0.0654	43.7	0.0014814814814814814
21085	37	4	4	4	4	4	4	819	43	19.046511627906977	6.43	0.0841	41.18	0.006105006105006105
21086	30	3	3	3	3	3	3	398	17	23.41176470588235	4.87	0.0561	26.05	0.017587939698492462
21087	34	4	4	4	4	4	3	502	21	23.904761904761905	4.69	0.0841	30.25	0.03386454183266932
21089	36	4	4	4	4	4	4	584	34	17.176470588235293	6.48	0.0841	31.93	0.02054794520547945
21090	37	4	4	4	4	3	4	467	31	15.064516129032258	8.07	0.0187	34.45	0.010706638115631691
21091	34	3	4	3	4	4	4	302	27	11.185185185185185	10.38	0.0187	30.25	0.009933774834437087
21092	43	5	5	5	5	5	4	790	35	22.571428571428573	4.94	0.0748	34.45	0.012658227848101266
21093	42	5	5	5	5	4	4	1035	76	13.618421052631579	8.85	0.0467	44.54	0.010628019323671498
21094	40	4	4	4	4	4	4	944	56	16.857142857142858	6.98	0.1121	42.02	0.013771186440677966
21095	35	3	4	4	4	4	4	963	46	20.934782608695652	5.39	0.0374	47.06	0.012461059190031152
21096	37	4	4	4	4	4	4	545	34	16.029411764705884	6.77	0.0187	37.82	0.01651376146788991
21097	46	5	5	5	5	5	5	843	47	17.93617021276596	6.33	0.1028	43.7	0.0166073546856465
21098	43	5	5	5	5	5	4	968	51	18.980392156862745	5.95	0.1402	43.7	0.004132231404958678
21099	40	4	4	4	4	4	4	998	54	18.48148148148148	6.32	0.0748	40.34	0.012024048096192385
21101	40	4	4	4	4	4	4	508	31	16.387096774193548	6.65	0.0467	29.41	0.04921259842519685
21102	31	3	3	3	4	4	3	504	17	29.647058823529413	3.76	0.0374	29.41	0.0992063492063492
21103	32	4	4	4	3	3	3	272	15	18.133333333333333	6.05	0.0187	23.53	0.05514705882352941
21105	40	4	4	4	4	4	4	952	41	23.21951219512195	4.8	0.0841	48.74	0.009453781512605041
21106	40	5	5	5	4	4	4	741	32	23.15625	4.67	0.0748	38.66	0.014844804318488529
21107	40	4	4	5	4	4	4	649	27	24.037037037037038	4.63	0.0748	38.66	0.0015408320493066256
21109	40	4	4	4	4	4	4	671	43	15.604651162790697	6.95	0.0748	44.54	0.03129657228017884
21110	45	5	5	5	4	5	5	837	44	19.022727272727273	5.8	0.1215	49.58	0.013142174432497013
21111	36	4	4	4	4	4	3	913	39	23.41025641025641	4.86	0.0841	41.18	0.038335158817086525
21112	35	4	4	4	4	4	3	691	34	20.323529411764707	5.61	0.0561	28.57	0.059334298118668596
21113	36	4	4	4	5	4	3	953	30	31.766666666666666	3.52	0.0748	34.45	0.04407135362014691
21114	40	4	4	5	5	4	4	657	28	23.464285714285715	4.7	0.0374	34.45	0.0197869101978691
21115	32	4	3	4	4	4	3	416	24	17.333333333333332	6.15	0.028	35.29	0.06490384615384616
21116	37	4	4	4	4	4	4	840	48	17.5	6.33	0.0748	37.82	0.02261904761904762
21118	48	6	5	5	5	5	5	818	32	25.5625	4.56	0.0654	42.86	0.006112469437652812
21119	33	4	4	4	4	3	3	676	39	17.333333333333332	6.4	0.0374	36.13	0.05325443786982249
21120	50	5	5	5	5	5	5	1039	61	17.0327868852459	7.18	0.0935	40.34	0.015399422521655439
21122	46	5	5	5	5	5	5	958	49	19.551020408163264	5.85	0.0654	45.38	0.020876826722338204
21123	43	5	5	5	5	5	4	654	32	20.4375	5.66	0.0561	31.09	0.009174311926605505
21126	27	3	3	4	3	3	3	923	31	29.774193548387096	3.6	0.0561	28.57	0.035752979414951244
21127	35	4	4	5	4	4	3	807	60	13.45	8.25	0.0561	31.09	0.057001239157372985
21129	36	4	4	4	4	3	4	899	37	24.2972972972973	4.3	0.0467	35.29	0.0389321468298109
21130	45	5	5	5	5	5	5	962	60	16.033333333333335	7.05	0.0841	47.9	0.014553014553014554
21131	35	4	4	4	4	4	4	523	37	14.135135135135135	8.15	0.0374	36.97	0.0057361376673040155
21132	40	4	4	4	4	4	4	393	24	16.375	7.32	0.0093	20.17	0.02544529262086514
21133	35	4	4	4	4	4	4	845	49	17.244897959183675	6.82	0.0841	46.22	0.005917159763313609
21134	34	4	4	3	4	4	3	936	32	29.25	3.8	0.0748	42.02	0.03205128205128205
21135	40	4	4	5	5	5	4	910	49	18.571428571428573	6.09	0.0841	47.9	0.002197802197802198
21136	33	4	4	4	4	4	3	980	51	19.215686274509803	5.95	0.0935	37.82	0.012244897959183673
21137	39	5	4	5	4	4	4	896	50	17.92	6.41	0.0841	40.34	0.024553571428571428
21138	33	3	3	4	4	4	4	444	31	14.32258064516129	8.33	0.0561	31.93	0.009009009009009009
21140	24	3	2	2	3	3	3	69	2	34.5	2.74	0.0	8.4	0.15942028985507245
21141	31	4	3	4	4	3	3	216	5	43.2	2.48	0.028	20.17	0.08333333333333333
21142	36	4	4	4	4	4	3	482	27	17.85185185185185	6.44	0.028	26.89	0.016597510373443983
21143	40	4	4	4	4	4	4	992	45	22.044444444444444	5.23	0.0561	48.74	0.009072580645161291
21144	40	4	4	4	4	4	4	571	28	20.392857142857142	5.3	0.0748	32.77	0.0297723292469352
21145	32	4	3	4	4	4	3	949	36	26.36111111111111	4.2	0.0654	43.7	0.05795574288724974
21146	47	5	5	5	5	5	5	973	41	23.73170731707317	4.77	0.1121	42.02	0.015416238437821172
21147	40	4	4	4	4	4	4	836	31	26.967741935483872	4.19	0.0654	41.18	0.04425837320574163
21148	35	4	4	4	4	4	4	644	20	32.2	3.28	0.0374	36.97	0.07453416149068323
21149	36	4	4	4	4	4	4	808	38	21.263157894736842	5.32	0.0841	36.97	0.02599009900990099
21150	28	3	2	3	3	3	3	227	9	25.22222222222222	4.37	0.0187	13.45	0.09251101321585903
21151	35	4	4	4	4	4	4	951	40	23.775	4.62	0.0654	36.97	0.028391167192429023
21153	33	3	4	4	4	4	3	540	26	20.76923076923077	5.9	0.0374	26.89	0.009259259259259259
21154	34	4	4	4	4	4	3	730	30	24.333333333333332	4.44	0.0467	37.82	0.036986301369863014
21155	36	4	4	4	4	4	4	960	35	27.428571428571427	4.08	0.0748	35.29	0.026041666666666668
21156	40	4	4	4	4	4	4	883	48	18.395833333333332	6.58	0.0561	42.02	0.0056625141562853904
21157	40	4	4	5	4	4	4	1020	65	15.692307692307692	8.0	0.1121	38.66	0.006862745098039216
21158	35	4	4	4	4	4	4	939	84	11.178571428571429	10.8	0.0654	36.97	0.029818956336528223
21159	46	5	5	5	5	5	5	758	41	18.48780487804878	6.31	0.0748	37.82	0.021108179419525065
21160	34	4	3	4	4	4	4	762	25	30.48	3.67	0.0561	31.09	0.05774278215223097
21161	40	4	4	4	4	4	4	981	54	18.166666666666668	6.71	0.0748	33.61	0.01529051987767584
21163	40	4	4	5	4	4	4	574	40	14.35	7.91	0.0467	33.61	0.017421602787456445
21164	45	5	5	5	4	5	5	725	26	27.884615384615383	4.05	0.0748	44.54	0.008275862068965517
21166	31	3	3	4	4	4	3	367	36	10.194444444444445	11.32	0.0561	18.49	0.04904632152588556
21167	40	4	4	4	4	4	4	938	41	22.878048780487806	4.78	0.1028	39.5	0.021321961620469083
21168	40	4	4	4	4	4	4	1044	66	15.818181818181818	7.65	0.0748	34.45	0.013409961685823755
21170	39	5	5	5	4	4	4	966	40	24.15	4.68	0.1028	44.54	0.012422360248447204
21171	35	4	4	4	4	4	4	477	21	22.714285714285715	4.95	0.0748	33.61	0.006289308176100629
21174	42	5	5	5	4	4	4	801	44	18.204545454545453	5.99	0.0841	38.66	0.02247191011235955
21175	38	4	4	4	4	4	4	1065	69	15.434782608695652	8.08	0.0654	40.34	0.044131455399061034
21176	34	3	4	4	4	4	4	565	22	25.681818181818183	4.07	0.0935	36.13	0.05486725663716814
21177	26	2	3	3	3	3	3	294	12	24.5	4.46	0.0187	19.33	0.04081632653061224
21178	31	3	4	4	4	3	3	597	39	15.307692307692308	7.51	0.0187	32.77	0.01507537688442211
21179	31	3	3	3	4	4	3	257	22	11.681818181818182	10.09	0.0187	20.17	0.054474708171206226
21180	40	4	4	4	4	4	4	804	43	18.697674418604652	6.22	0.0748	36.13	0.01616915422885572
21181	40	4	4	5	4	4	4	785	44	17.84090909090909	6.92	0.0561	36.13	0.01019108280254777
21182	31	3	3	4	4	4	3	515	32	16.09375	7.27	0.0561	32.77	0.013592233009708738
21183	36	4	4	4	4	4	3	806	49	16.448979591836736	6.82	0.0561	47.06	0.062034739454094295
21185	42	5	5	5	4	4	4	886	46	19.26086956521739	6.24	0.0748	35.29	0.016930022573363433
21186	39	5	4	5	4	4	4	974	52	18.73076923076923	6.05	0.0841	39.5	0.012320328542094456
21188	37	4	4	4	4	4	4	671	9	74.55555555555556	1.38	0.0654	28.57	0.05216095380029806
21189	37	4	4	4	4	4	4	696	34	20.470588235294116	5.38	0.0654	42.02	0.020114942528735632
21190	36	4	4	4	4	4	3	760	44	17.272727272727273	6.64	0.0654	30.25	0.030263157894736843
21191	34	4	3	4	4	3	3	730	7	104.28571428571429	1.0	0.0841	35.29	0.03424657534246575
21192	35	4	4	4	4	4	4	623	43	14.488372093023257	7.69	0.0467	32.77	0.02086677367576244
21193	40	4	4	4	4	4	4	691	42	16.452380952380953	7.16	0.0841	29.41	0.017366136034732273
21194	42	5	5	5	5	4	4	929	34	27.323529411764707	3.99	0.0561	43.7	0.015069967707212056
21195	36	4	4	4	4	4	4	652	29	22.482758620689655	5.05	0.0654	36.13	0.024539877300613498
21198	34	4	4	4	4	4	3	827	52	15.903846153846153	7.1	0.0374	33.61	0.060459492140266025
21199	35	4	4	4	4	4	3	805	32	25.15625	4.4	0.0467	39.5	0.008695652173913044
21200	40	4	4	4	5	4	4	1082	56	19.321428571428573	6.39	0.0654	48.74	0.0036968576709796672
21202	45	5	5	5	5	5	5	662	31	21.35483870967742	5.37	0.0374	36.97	0.004531722054380665
21203	40	4	4	4	4	4	4	810	52	15.576923076923077	7.3	0.0374	49.58	0.011111111111111112
21204	31	3	3	4	4	4	3	436	20	21.8	5.33	0.0467	26.05	0.03211009174311927
21205	31	3	3	4	3	4	3	239	13	18.384615384615383	6.22	0.028	15.13	0.02092050209205021
21206	34	4	4	4	4	3	3	920	19	48.421052631578945	2.21	0.0654	31.93	0.04456521739130435
21207	44	5	5	5	5	5	4	784	36	21.77777777777778	5.29	0.0935	38.66	0.008928571428571428
21208	38	5	4	5	4	4	4	1000	50	20.0	5.87	0.0841	41.18	0.032
21209	42	5	5	5	4	4	4	1011	53	19.07547169811321	6.18	0.0467	36.13	0.018793273986152326
21210	35	4	4	4	4	4	3	648	34	19.058823529411764	5.87	0.0561	36.13	0.026234567901234566
21211	33	4	4	4	4	4	3	749	27	27.74074074074074	3.78	0.0654	31.09	0.025367156208277702
21213	40	4	4	4	4	4	4	572	26	22.0	4.79	0.0654	33.61	0.026223776223776224
21214	40	4	4	4	4	4	4	391	17	23.0	4.7	0.028	38.66	0.023017902813299233
21215	41	5	4	4	4	4	4	763	39	19.564102564102566	5.48	0.0935	48.74	0.03800786369593709
21217	30	3	3	3	4	3	3	340	11	30.90909090909091	3.43	0.0374	25.21	0.07941176470588235
21218	42	5	5	5	5	4	4	969	47	20.617021276595743	5.43	0.0748	40.34	0.010319917440660475
21219	40	4	4	4	4	4	4	1034	80	12.925	9.51	0.0561	36.97	0.006769825918762089
21220	30	3	3	4	4	3	3	742	23	32.26086956521739	3.25	0.0841	30.25	0.04177897574123989
21221	31	3	3	4	4	4	3	508	21	24.19047619047619	4.68	0.0467	26.89	0.04133858267716536
21222	27	3	3	4	3	3	3	265	9	29.444444444444443	3.6	0.0093	24.37	0.05660377358490566
21223	36	4	4	4	4	4	4	580	39	14.871794871794872	7.85	0.0654	36.13	0.017241379310344827
21224	43	5	5	5	4	5	4	673	36	18.694444444444443	5.97	0.0561	35.29	0.01634472511144131
21225	50	5	5	5	5	5	5	1014	39	26.0	4.5	0.1215	42.86	0.008875739644970414
21227	40	4	4	4	4	4	4	769	45	17.08888888888889	7.05	0.1121	37.82	0.011703511053315995
21229	40	4	4	4	4	4	4	758	44	17.227272727272727	6.85	0.0467	37.82	0.010554089709762533
21230	36	4	4	4	4	4	4	779	47	16.574468085106382	6.92	0.1028	32.77	0.02053915275994865
21233	40	4	4	4	4	4	4	840	53	15.849056603773585	7.42	0.0935	37.82	0.010714285714285714
21235	28	4	3	4	4	3	3	507	4	126.75	0.84	0.0467	25.21	0.10256410256410256
21236	40	4	4	4	4	4	4	655	32	20.46875	5.46	0.0561	35.29	0.035114503816793895
21237	40	4	4	4	4	4	4	982	42	23.38095238095238	4.88	0.0841	46.22	0.020366598778004074
21238	37	4	4	4	4	4	4	637	26	24.5	4.44	0.1028	26.05	0.026687598116169546
21240	26	3	3	3	3	3	3	218	1	218.0	0.47	0.0467	13.45	0.05963302752293578
21241	30	3	3	4	3	3	3	647	32	20.21875	5.57	0.0654	31.09	0.00927357032457496
21244	30	3	3	4	3	3	3	322	15	21.466666666666665	5.05	0.0374	14.29	0.14906832298136646
21245	40	4	4	4	4	4	4	946	45	21.022222222222222	5.19	0.0654	50.42	0.0200845665961945
21246	37	4	4	4	4	4	4	730	33	22.12121212121212	5.45	0.0748	34.45	0.045205479452054796
21247	34	4	4	4	4	3	3	960	48	20.0	5.85	0.0748	38.66	0.025
21248	28	3	3	4	3	3	3	492	36	13.666666666666666	8.76	0.0561	30.25	0.06300813008130081
21249	42	5	4	5	5	5	4	433	25	17.32	6.44	0.0748	31.09	0.03464203233256351
21250	44	5	5	5	5	6	5	906	41	22.097560975609756	5.02	0.0561	42.86	0.00772626931567329
21251	40	4	4	4	4	4	4	860	46	18.695652173913043	5.84	0.0841	47.06	0.03255813953488372
21253	40	4	4	4	4	4	4	373	16	23.3125	4.46	0.028	31.09	0.08310991957104558
21255	41	5	4	5	4	4	4	624	35	17.82857142857143	6.25	0.0467	32.77	0.04807692307692308
21256	33	4	4	4	4	4	3	445	19	23.42105263157895	4.73	0.028	29.41	0.08314606741573034
21257	30	4	4	4	3	3	3	752	19	39.578947368421055	2.66	0.0654	37.82	0.05186170212765957
21258	40	4	4	4	4	4	4	357	16	22.3125	4.79	0.028	26.89	0.06442577030812324
21259	43	5	4	4	4	4	5	920	33	27.87878787878788	3.9	0.0748	35.29	0.009782608695652175
21261	36	4	4	5	4	4	4	934	45	20.755555555555556	5.22	0.0561	42.86	0.032119914346895075
21262	36	4	4	4	4	4	4	805	49	16.428571428571427	7.62	0.0187	33.61	0.016149068322981366
21263	32	3	3	3	4	4	3	985	87	11.32183908045977	13.88	0.028	26.05	0.04365482233502538
21264	36	4	3	4	4	4	4	335	19	17.63157894736842	6.57	0.0654	13.45	0.04776119402985075
21265	35	4	4	4	4	4	3	335	12	27.916666666666668	3.96	0.0093	22.69	0.04776119402985075
21266	38	4	3	4	4	4	4	684	34	20.11764705882353	5.45	0.0561	35.29	0.021929824561403508
21268	38	4	4	4	4	4	4	420	34	12.352941176470589	9.21	0.0561	30.25	0.011904761904761904
21269	40	4	4	5	5	4	4	470	19	24.736842105263158	4.43	0.028	36.13	0.010638297872340425
21271	30	3	3	3	3	3	3	368	14	26.285714285714285	4.2	0.0187	21.01	0.024456521739130436
21272	40	4	4	4	4	4	4	971	36	26.97222222222222	4.21	0.0748	42.86	0.009268795056642637
21273	34	4	4	4	4	4	3	558	17	32.8235294117647	3.28	0.0561	40.34	0.04121863799283154
21274	40	4	4	4	4	4	4	531	33	16.09090909090909	7.13	0.0187	34.45	0.009416195856873822
21275	40	4	4	5	4	4	4	1146	78	14.692307692307692	9.1	0.0748	45.38	0.02617801047120419
21276	34	4	4	4	4	3	3	850	48	17.708333333333332	6.66	0.0654	41.18	0.015294117647058824
21277	30	3	3	3	4	3	3	791	18	43.94444444444444	2.39	0.0561	43.7	0.04424778761061947
21279	33	3	3	4	4	4	4	395	24	16.458333333333332	7.77	0.0374	23.53	0.005063291139240506
21280	40	4	4	4	4	4	4	904	34	26.58823529411765	4.11	0.0935	49.58	0.05752212389380531
21281	40	4	4	5	5	4	4	553	29	19.06896551724138	6.29	0.0561	32.77	0.007233273056057866
21284	38	4	4	4	4	4	4	693	42	16.5	6.89	0.0935	35.29	0.017316017316017316
21285	37	4	4	4	4	4	4	805	58	13.879310344827585	7.86	0.0935	33.61	0.02981366459627329
21286	36	4	4	4	4	4	4	895	46	19.456521739130434	5.64	0.0654	46.22	0.01564245810055866
21287	40	4	4	4	4	4	4	918	56	16.392857142857142	6.89	0.0841	38.66	0.018518518518518517
21288	46	5	5	5	5	5	4	878	40	21.95	5.69	0.0935	36.97	0.0056947608200455585
21289	49	6	5	6	5	5	5	919	49	18.755102040816325	6.09	0.0935	41.18	0.015233949945593036
21290	37	4	4	4	4	4	4	624	33	18.90909090909091	5.91	0.0654	33.61	0.030448717948717948
21291	30	3	3	3	3	3	3	954	43	22.186046511627907	4.98	0.0841	37.82	0.041928721174004195
21292	50	5	5	5	5	5	5	642	24	26.75	4.37	0.028	34.45	0.014018691588785047
21293	33	3	3	4	4	4	4	296	21	14.095238095238095	8.82	0.0187	19.33	0.010135135135135136
21294	34	4	4	4	3	3	3	267	13	20.53846153846154	5.28	0.0467	20.17	0.0449438202247191
21295	45	5	5	5	5	5	5	678	33	20.545454545454547	5.45	0.0841	33.61	0.016224188790560472
21296	40	4	4	4	4	4	4	762	45	16.933333333333334	6.72	0.1028	36.13	0.015748031496062992
21297	32	4	4	4	4	3	3	964	21	45.904761904761905	2.46	0.0467	27.73	0.05705394190871369
21298	30	3	3	3	3	3	3	293	18	16.27777777777778	6.69	0.0374	19.33	0.010238907849829351
21299	41	5	4	5	4	4	4	955	47	20.319148936170212	5.55	0.1121	40.34	0.013612565445026177
21300	44	5	5	5	5	5	4	1015	60	16.916666666666668	6.93	0.0841	42.02	0.007881773399014778
21301	21	2	2	2	3	3	2	82	4	20.5	5.26	0.0	11.76	0.0975609756097561
21302	40	4	4	4	4	4	4	956	53	18.037735849056602	6.26	0.0748	41.18	0.010460251046025104
21304	37	4	4	4	4	4	4	969	48	20.1875	5.59	0.0935	44.54	0.008255933952528379
21306	46	5	5	5	5	5	5	813	72	11.291666666666666	11.61	0.0374	28.57	0.008610086100861008
21307	30	3	3	3	3	3	3	568	12	47.333333333333336	2.15	0.0654	35.29	0.1073943661971831
21308	40	4	4	4	4	4	4	475	24	19.791666666666668	5.76	0.0561	32.77	0.018947368421052633
21309	38	4	4	4	4	4	4	601	37	16.243243243243242	6.99	0.0374	38.66	0.033277870216306155
21310	40	4	4	4	4	4	4	375	18	20.833333333333332	5.41	0.0467	29.41	0.0026666666666666666
21312	32	4	4	4	3	3	3	954	34	28.058823529411764	3.97	0.0654	37.82	0.051362683438155136
21315	35	4	4	4	4	4	4	625	27	23.14814814814815	5.01	0.0467	36.13	0.0048
21318	29	3	3	3	3	3	3	245	13	18.846153846153847	5.6	0.028	21.85	0.08571428571428572
21319	46	5	5	5	5	5	4	854	59	14.474576271186441	7.79	0.0467	31.93	0.00702576112412178
21321	40	4	4	4	4	4	4	941	41	22.951219512195124	4.9	0.0841	39.5	0.022316684378320937
21322	36	4	4	4	4	4	3	764	22	34.72727272727273	3.05	0.0561	38.66	0.030104712041884817
21323	43	4	5	4	4	4	5	794	36	22.055555555555557	5.1	0.0935	38.66	0.008816120906801008
21324	40	4	4	5	4	4	4	951	50	19.02	5.87	0.0935	38.66	0.017875920084121977
21325	45	5	5	5	5	5	5	888	51	17.41176470588235	6.44	0.0561	36.97	0.013513513513513514
21327	33	4	4	4	4	3	3	532	14	38.0	2.79	0.0654	21.01	0.03759398496240601
21329	30	3	3	4	4	3	3	461	40	11.525	9.8	0.0748	30.25	0.05856832971800434
21330	37	4	4	4	4	4	4	747	29	25.75862068965517	4.34	0.0748	40.34	0.013386880856760375
21331	26	3	3	4	3	3	3	106	7	15.142857142857142	7.45	0.0093	10.92	0.02830188679245283
21332	40	4	4	4	4	4	4	587	44	13.340909090909092	8.54	0.0841	33.61	0.010221465076660987
21333	36	4	4	4	4	4	4	584	33	17.696969696969695	6.47	0.0374	33.61	0.06164383561643835
21334	30	3	4	3	3	3	3	210	9	23.333333333333332	5.14	0.0093	10.08	0.05238095238095238
21336	36	4	4	4	4	4	4	886	37	23.945945945945947	4.56	0.1121	33.61	0.016930022573363433
21338	34	4	4	4	4	4	3	761	48	15.854166666666666	7.83	0.0748	30.25	0.013140604467805518
21339	34	4	4	4	4	4	3	802	23	34.869565217391305	3.13	0.0935	35.29	0.0399002493765586
21340	37	4	4	4	4	4	4	781	38	20.55263157894737	5.36	0.0654	28.57	0.008962868117797696
21342	40	4	4	4	4	4	4	691	35	19.742857142857144	5.81	0.0561	39.5	0.013024602026049204
21343	47	5	5	6	5	5	5	851	34	25.029411764705884	4.67	0.0935	30.25	0.0282021151586369
21344	47	5	5	5	5	5	5	651	41	15.878048780487806	7.87	0.0374	30.25	0.006144393241167435
21345	32	4	4	4	4	3	3	903	22	41.04545454545455	2.57	0.0654	46.22	0.03986710963455149
21346	31	4	3	3	3	3	3	584	17	34.35294117647059	3.31	0.0654	31.09	0.04965753424657534
21347	32	4	4	4	4	4	3	1064	56	19.0	6.48	0.0654	33.61	0.02819548872180451
21348	40	4	4	4	4	4	4	939	46	20.41304347826087	5.44	0.0561	51.26	0.021299254526091587
21350	36	4	4	4	4	4	4	631	33	19.12121212121212	6.24	0.0467	32.77	0.012678288431061807
21351	31	4	3	4	4	3	3	601	24	25.041666666666668	4.27	0.0467	31.09	0.08485856905158069
21352	37	4	4	4	4	4	4	779	41	19.0	6.03	0.0654	36.13	0.029525032092426188
21354	35	4	4	4	4	4	3	382	9	42.44444444444444	2.48	0.0561	22.69	0.07329842931937172
21355	28	3	3	3	3	3	3	406	7	58.0	1.79	0.0374	22.69	0.1477832512315271
21356	37	4	4	5	4	4	4	1011	65	15.553846153846154	7.56	0.0935	45.38	0.02274975272007913
21357	41	5	4	4	4	4	4	777	55	14.127272727272727	8.77	0.0935	37.82	0.01673101673101673
21358	46	5	5	5	5	5	4	981	50	19.62	6.33	0.1028	34.45	0.0061162079510703364
21360	35	4	4	4	4	4	3	559	31	18.032258064516128	6.18	0.0467	31.93	0.005366726296958855
21361	45	5	5	5	5	5	5	693	59	11.745762711864407	10.85	0.0561	31.09	0.010101010101010102
21364	45	5	5	5	5	5	5	700	43	16.27906976744186	6.81	0.0561	36.13	0.022857142857142857
21365	37	4	4	4	4	4	4	891	51	17.470588235294116	6.83	0.0748	39.5	0.013468013468013467
21366	41	5	4	5	4	4	4	713	45	15.844444444444445	7.45	0.0748	32.77	0.016830294530154277
21367	39	5	4	4	4	4	4	633	23	27.52173913043478	3.95	0.0748	36.13	0.018957345971563982
21369	29	3	3	4	4	3	3	395	12	32.916666666666664	3.11	0.0467	26.89	0.07088607594936709
21370	31	3	3	3	4	4	3	230	14	16.428571428571427	7.22	0.0093	19.33	0.021739130434782608
21373	40	4	4	5	5	4	4	865	48	18.020833333333332	6.41	0.0654	47.06	0.008092485549132947
21374	38	4	4	4	4	4	4	849	39	21.76923076923077	5.42	0.028	36.97	0.011778563015312132
21375	37	4	4	4	4	4	4	616	29	21.24137931034483	5.19	0.0467	37.82	0.022727272727272728
21377	34	4	4	4	4	4	3	638	26	24.53846153846154	4.53	0.0935	30.25	0.0219435736677116
21379	35	4	4	4	4	4	3	940	59	15.932203389830509	7.12	0.0561	35.29	0.023404255319148935
21380	37	4	4	4	4	4	4	784	28	28.0	3.75	0.0748	36.13	0.03826530612244898
21382	42	5	4	5	4	5	4	874	46	19.0	6.06	0.1121	48.74	0.009153318077803204
21383	40	4	4	4	4	4	4	677	37	18.2972972972973	6.37	0.0467	35.29	0.023633677991137372
21384	38	4	4	4	4	4	4	928	49	18.93877551020408	5.79	0.0654	42.02	0.021551724137931036
21385	50	5	5	5	5	5	5	890	34	26.176470588235293	4.3	0.0935	47.06	0.0044943820224719105
21386	42	4	4	5	4	4	4	1069	57	18.75438596491228	6.58	0.0374	39.5	0.01028999064546305
21387	40	4	4	4	4	4	4	920	42	21.904761904761905	5.12	0.0748	42.86	0.020652173913043477
21388	40	4	4	4	4	4	4	903	45	20.066666666666666	5.51	0.0935	33.61	0.007751937984496124
21389	20	2	2	2	2	2	2	36	2	18.0	5.88	0.0	3.36	0.16666666666666666
21390	36	4	4	4	4	4	4	949	43	22.069767441860463	4.98	0.0654	36.13	0.05795574288724974
21391	34	4	4	4	4	4	3	855	41	20.853658536585368	5.24	0.0935	38.66	0.0456140350877193
21392	40	4	4	4	4	4	4	605	30	20.166666666666668	5.58	0.0374	22.69	0.02975206611570248
21393	30	3	3	3	3	3	3	340	19	17.894736842105264	6.17	0.0467	15.13	0.029411764705882353
21394	31	4	3	4	4	3	3	728	36	20.22222222222222	5.33	0.0467	40.34	0.03159340659340659
21397	40	4	4	5	4	4	4	690	30	23.0	4.67	0.0841	41.18	0.01884057971014493
21398	50	5	5	5	5	5	5	987	49	20.142857142857142	5.87	0.1215	46.22	0.0121580547112462
21399	25	3	3	3	3	3	3	318	25	12.72	9.58	0.0093	18.49	0.031446540880503145
21403	41	5	4	4	4	4	4	1034	72	14.36111111111111	8.55	0.1028	31.93	0.015473887814313346
21404	37	4	4	4	4	4	4	635	26	24.423076923076923	4.57	0.0561	39.5	0.01732283464566929
21405	40	4	4	4	4	4	4	429	25	17.16	6.53	0.0841	29.41	0.02564102564102564
21407	40	4	4	4	4	4	4	417	17	24.529411764705884	4.78	0.0654	24.37	0.011990407673860911
21408	21	2	3	3	3	2	2	137	5	27.4	3.79	0.0093	12.61	0.029197080291970802
21409	44	5	5	5	5	4	4	979	50	19.58	5.81	0.0654	40.34	0.010214504596527068
21410	33	4	4	4	4	4	3	632	27	23.40740740740741	4.6	0.0841	39.5	0.014240506329113924
21411	31	4	3	4	4	3	3	941	20	47.05	2.31	0.0654	41.18	0.02763018065887354
21412	32	4	4	4	4	3	3	678	18	37.666666666666664	2.89	0.0467	34.45	0.09882005899705015
21413	46	5	5	5	5	5	5	931	39	23.871794871794872	4.56	0.0935	46.22	0.00966702470461869
21414	41	4	4	5	4	5	4	461	30	15.366666666666667	7.63	0.0561	34.45	0.008676789587852495
21415	35	4	4	5	4	4	4	941	46	20.456521739130434	5.37	0.0841	42.02	0.015940488841657812
21416	40	4	4	4	4	4	4	417	19	21.94736842105263	5.09	0.0748	29.41	0.0
21418	45	5	5	5	5	5	5	840	68	12.352941176470589	9.46	0.0841	41.18	0.008333333333333333
21419	43	5	5	5	5	5	4	938	35	26.8	4.07	0.1028	36.97	0.015991471215351813
21421	41	5	5	5	5	5	4	954	40	23.85	4.72	0.1121	37.82	0.02620545073375262
21422	41	4	4	4	4	5	4	767	35	21.914285714285715	4.91	0.0654	35.29	0.02216427640156454
21424	36	4	4	4	4	4	4	932	39	23.897435897435898	4.59	0.0935	38.66	0.02467811158798283
21425	34	4	4	4	4	4	3	346	21	16.476190476190474	6.71	0.0748	19.33	0.005780346820809248
21426	41	5	4	5	4	4	4	948	38	24.94736842105263	4.49	0.1121	38.66	0.0189873417721519
21427	35	4	4	4	4	4	3	616	36	17.11111111111111	6.51	0.0374	41.18	0.017857142857142856
21428	30	3	3	4	3	3	3	447	22	20.318181818181817	5.31	0.0374	24.37	0.040268456375838924
21429	55	6	6	6	6	6	6	1003	43	23.325581395348838	4.99	0.0654	41.18	0.004985044865403789
21431	40	4	4	4	4	4	4	607	28	21.678571428571427	5.43	0.0467	34.45	0.014827018121911038
21432	50	5	5	6	5	5	5	711	34	20.91176470588235	5.41	0.0841	37.82	0.004219409282700422
21433	35	4	4	4	4	4	4	931	49	19.0	6.3	0.0748	35.29	0.023630504833512353
21434	32	4	4	4	4	3	3	487	14	34.785714285714285	3.2	0.0467	23.53	0.06776180698151951
21436	37	4	4	4	4	4	4	459	30	15.3	7.25	0.0374	27.73	0.008714596949891068
21437	34	4	4	5	4	3	3	718	42	17.095238095238095	6.54	0.0748	48.74	0.008356545961002786
21438	46	5	5	6	5	5	4	742	30	24.733333333333334	4.39	0.0841	41.18	0.026954177897574125
21440	34	4	4	4	4	3	4	600	36	16.666666666666668	6.59	0.0467	36.97	0.016666666666666666
21441	41	5	5	5	5	5	4	947	41	23.097560975609756	4.88	0.0748	46.22	0.005279831045406547
21442	40	4	4	4	4	4	4	606	35	17.314285714285713	6.69	0.0467	32.77	0.006600660066006601
21443	34	5	5	5	5	4	4	562	31	18.129032258064516	5.98	0.0935	36.97	0.030249110320284697
21444	30	3	3	4	4	3	3	281	5	56.2	1.81	0.0093	18.49	0.0711743772241993
21446	30	3	3	4	4	4	3	248	12	20.666666666666668	5.26	0.0374	20.17	0.04435483870967742
21447	36	4	4	4	4	3	4	767	22	34.86363636363637	3.07	0.0841	31.93	0.027379400260756193
21448	30	3	3	3	3	3	3	285	10	28.5	3.65	0.028	21.85	0.017543859649122806
21449	32	4	3	4	4	4	3	384	13	29.53846153846154	3.55	0.0561	21.85	0.0703125
21450	35	4	4	4	4	4	3	711	27	26.333333333333332	4.18	0.0654	35.29	0.06610407876230662
21451	45	5	5	5	5	5	5	534	31	17.225806451612904	6.75	0.0374	35.29	0.003745318352059925
21452	33	3	4	4	4	4	3	293	11	26.636363636363637	4.09	0.0467	24.37	0.023890784982935155
21453	36	4	4	4	4	4	4	611	22	27.772727272727273	4.36	0.0654	30.25	0.006546644844517185
21454	42	5	4	5	4	4	4	996	68	14.647058823529411	7.91	0.0748	36.97	0.0321285140562249
21456	39	4	4	4	4	5	4	930	63	14.761904761904763	8.18	0.0467	43.7	0.03118279569892473
21457	40	4	4	4	4	4	4	645	28	23.035714285714285	5.02	0.0748	39.5	0.012403100775193798
21458	40	4	4	4	4	4	4	710	38	18.68421052631579	6.2	0.0374	31.09	0.018309859154929577
21459	40	4	4	4	4	4	4	974	42	23.19047619047619	4.91	0.0748	42.86	0.014373716632443531
21460	32	4	3	4	4	4	3	368	10	36.8	2.97	0.028	26.05	0.06793478260869565
21462	35	4	4	4	4	4	4	962	51	18.862745098039216	5.96	0.0748	38.66	0.037422037422037424
21463	25	3	3	3	3	3	2	214	15	14.266666666666667	7.81	0.0187	18.49	0.1308411214953271
21465	36	4	4	4	4	4	3	746	32	23.3125	4.91	0.0748	43.7	0.00938337801608579
21467	45	5	5	5	5	5	5	631	45	14.022222222222222	8.05	0.0561	27.73	0.017432646592709985
21468	35	4	3	4	4	4	4	515	23	22.391304347826086	4.9	0.0561	31.09	0.03495145631067961
21470	36	4	4	4	4	4	4	956	59	16.203389830508474	6.9	0.0841	46.22	0.06380753138075314
21471	40	4	4	4	4	4	4	943	57	16.54385964912281	6.66	0.0841	46.22	0.02014846235418876
21472	33	4	3	4	4	4	3	991	49	20.224489795918366	5.78	0.0561	38.66	0.0615539858728557
21473	39	5	5	5	4	4	4	600	33	18.181818181818183	6.21	0.0374	30.25	0.025
21475	40	4	4	4	4	4	4	499	24	20.791666666666668	5.48	0.0841	36.97	0.018036072144288578
21476	28	3	2	3	3	3	3	124	6	20.666666666666668	5.45	0.0187	9.24	0.016129032258064516
21477	28	2	2	3	3	3	3	106	3	35.333333333333336	3.7	0.0	5.04	0.02830188679245283
21478	42	5	5	5	5	5	5	947	47	20.148936170212767	6.06	0.0561	38.66	0.021119324181626188
21479	31	3	3	4	4	4	3	652	37	17.62162162162162	6.41	0.0654	39.5	0.027607361963190184
21480	32	4	4	4	4	3	3	990	55	18.0	6.29	0.0748	43.7	0.021212121212121213
21481	40	4	4	4	4	4	4	1020	39	26.153846153846153	4.58	0.0561	34.45	0.020588235294117647
21482	30	3	3	4	4	3	3	413	15	27.533333333333335	4.03	0.0093	26.89	0.05811138014527845
21483	41	4	5	5	5	4	4	578	27	21.40740740740741	5.23	0.0841	31.93	0.06055363321799308
21484	50	5	5	5	5	5	5	926	56	16.535714285714285	7.14	0.0561	35.29	0.008639308855291577
21485	36	4	4	4	4	4	4	706	44	16.045454545454547	7.41	0.0935	32.77	0.015580736543909348
21487	30	3	3	4	4	3	3	843	34	24.794117647058822	4.36	0.0748	37.82	0.0498220640569395
21488	41	5	4	4	4	4	4	773	34	22.735294117647058	4.8	0.0935	35.29	0.02199223803363519
21489	22	3	2	4	3	2	2	222	13	17.076923076923077	6.53	0.0093	21.01	0.12612612612612611
21490	50	5	5	5	5	5	5	973	44	22.113636363636363	5.04	0.0467	50.42	0.007194244604316547
21491	30	3	3	4	4	3	3	663	37	17.91891891891892	6.25	0.0467	35.29	0.03469079939668175
21494	40	5	5	5	4	4	4	910	19	47.89473684210526	2.22	0.0748	44.54	0.015384615384615385
21495	36	4	4	5	4	4	3	703	23	30.565217391304348	3.51	0.0467	35.29	0.08392603129445235
21500	37	4	4	4	4	4	4	888	62	14.32258064516129	8.26	0.0748	37.82	0.012387387387387387
21501	28	3	3	3	3	3	3	309	15	20.6	5.17	0.0374	26.89	0.022653721682847898
21502	38	4	4	4	4	4	4	1146	60	19.1	6.9	0.1028	40.34	0.02181500872600349
21503	32	4	4	4	4	3	3	795	33	24.09090909090909	4.61	0.0561	36.97	0.033962264150943396
21505	40	4	4	4	4	4	4	513	36	14.25	7.84	0.1028	25.21	0.023391812865497075
21506	45	5	5	5	5	5	5	796	48	16.583333333333332	7.33	0.0187	36.13	0.016331658291457288
21507	36	4	4	4	4	4	4	780	32	24.375	4.49	0.0561	36.97	0.023076923076923078
21508	45	5	5	5	5	5	5	905	63	14.365079365079366	7.92	0.0841	43.7	0.0055248618784530384
21509	30	3	3	3	3	3	3	457	40	11.425	9.98	0.0374	24.37	0.03938730853391685
21510	43	5	5	5	5	5	4	946	55	17.2	6.39	0.0748	47.06	0.017970401691331923
21511	37	4	4	4	4	4	4	638	25	25.52	4.13	0.0467	33.61	0.02821316614420063
21512	28	3	3	3	4	3	3	422	7	60.285714285714285	1.77	0.028	26.05	0.05924170616113744
21513	37	5	4	5	4	4	3	898	30	29.933333333333334	3.91	0.0841	39.5	0.004454342984409799
21514	34	4	3	4	4	4	4	441	18	24.5	4.47	0.0374	31.93	0.022675736961451247
21515	36	4	4	4	3	4	3	950	45	21.11111111111111	5.29	0.0561	36.13	0.035789473684210524
21516	35	4	4	4	4	4	3	702	22	31.90909090909091	3.62	0.0467	39.5	0.01282051282051282
21517	32	3	3	4	4	4	3	466	25	18.64	6.11	0.0467	26.89	0.019313304721030045
21518	40	4	4	4	4	4	4	494	16	30.875	3.46	0.0935	32.77	0.020242914979757085
21519	37	4	4	4	4	4	4	870	34	25.58823529411765	4.39	0.0654	36.97	0.021839080459770115
21521	38	4	4	4	4	4	4	1138	87	13.080459770114942	10.03	0.0467	41.18	0.009666080843585237
21522	40	4	4	4	4	4	4	644	32	20.125	5.67	0.0654	31.93	0.010869565217391304
21525	30	3	3	3	3	3	3	939	24	39.125	2.77	0.0654	40.34	0.0617678381256656
21526	40	4	4	4	4	4	4	716	34	21.058823529411764	5.38	0.0935	35.29	0.0223463687150838
21529	38	4	4	4	4	4	4	581	28	20.75	5.29	0.0748	31.09	0.01549053356282272
21530	46	5	5	5	5	5	5	604	28	21.571428571428573	5.24	0.0748	41.18	0.009933774834437087
21531	50	5	5	5	5	5	5	948	35	27.085714285714285	4.29	0.1028	39.5	0.005274261603375527
21532	50	5	5	5	5	5	5	634	34	18.647058823529413	6.25	0.0467	34.45	0.012618296529968454
21533	35	4	4	4	4	4	4	301	15	20.066666666666666	5.34	0.0374	21.01	0.05647840531561462
21535	35	4	4	4	4	4	4	915	35	26.142857142857142	4.06	0.0935	39.5	0.025136612021857924
21536	35	4	4	4	4	4	4	565	29	19.482758620689655	5.59	0.0654	37.82	0.01415929203539823
21537	33	4	4	4	4	4	3	420	24	17.5	6.38	0.0374	26.05	0.03333333333333333
21539	45	5	5	5	5	5	5	1025	56	18.303571428571427	6.57	0.0748	36.97	0.003902439024390244
21540	45	5	5	5	5	5	5	986	41	24.048780487804876	4.77	0.0841	49.58	0.005070993914807302
21541	40	4	4	4	4	4	4	453	32	14.15625	8.0	0.028	28.57	0.017660044150110375
21542	40	4	4	4	4	4	4	590	24	24.583333333333332	4.75	0.0748	35.29	0.003389830508474576
21544	31	4	3	4	4	3	3	467	27	17.296296296296298	6.49	0.0748	26.05	0.02569593147751606
21545	36	4	4	4	4	4	4	681	27	25.22222222222222	4.21	0.0748	43.7	0.0381791483113069
21546	35	4	4	4	4	4	3	896	49	18.285714285714285	5.81	0.0654	40.34	0.052455357142857144
21547	42	5	5	5	4	4	4	853	50	17.06	6.57	0.0654	39.5	0.03634232121922626
21548	35	4	4	4	4	4	4	733	41	17.878048780487806	6.25	0.0561	46.22	0.004092769440654843
21549	30	3	3	3	3	3	3	262	13	20.153846153846153	5.28	0.028	21.85	0.061068702290076333
21550	40	4	4	4	4	4	4	987	37	26.675675675675677	4.34	0.0748	47.06	0.016210739614994935
21552	33	4	4	4	4	4	3	564	35	16.114285714285714	7.1	0.0561	33.61	0.026595744680851064
21553	25	3	3	3	3	3	3	342	21	16.285714285714285	6.89	0.028	21.01	0.10526315789473684
21554	31	4	3	4	4	3	3	803	18	44.611111111111114	2.3	0.0374	31.93	0.048567870485678705
21555	25	3	3	3	3	3	3	232	17	13.647058823529411	7.98	0.0374	22.69	0.0603448275862069
21556	44	5	5	5	4	5	4	958	53	18.07547169811321	6.22	0.0935	36.97	0.005219206680584551
21557	42	5	5	5	5	5	4	856	59	14.508474576271187	7.84	0.0467	36.97	0.007009345794392523
21558	38	4	4	4	4	4	4	1002	54	18.555555555555557	6.29	0.0841	40.34	0.017964071856287425
21559	31	3	3	4	4	4	3	439	23	19.08695652173913	5.61	0.0374	26.89	0.018223234624145785
21560	44	6	6	6	5	5	5	1009	37	27.27027027027027	4.36	0.0935	41.18	0.003964321110009911
21561	40	4	4	4	4	4	4	494	16	30.875	3.76	0.0374	21.01	0.012145748987854251
21563	46	5	5	5	5	5	5	841	47	17.893617021276597	6.55	0.0935	46.22	0.0011890606420927466
21564	41	4	5	4	5	4	4	683	34	20.08823529411765	5.79	0.0654	36.97	0.014641288433382138
21566	37	5	4	5	4	4	3	958	41	23.365853658536587	4.8	0.0748	41.18	0.015657620041753653
21567	45	5	5	5	5	5	5	768	39	19.692307692307693	5.6	0.0748	38.66	0.015625
21568	40	4	4	4	4	4	4	532	23	23.130434782608695	4.93	0.028	27.73	0.020676691729323307
21569	34	3	3	3	4	4	4	517	21	24.61904761904762	4.74	0.0561	26.89	0.030947775628626693
21570	31	3	3	4	4	4	3	576	25	23.04	5.09	0.0374	30.25	0.04513888888888889
21571	40	4	4	4	4	4	4	481	28	17.178571428571427	6.41	0.0467	40.34	0.033264033264033266
21573	35	4	4	4	4	4	3	779	33	23.606060606060606	5.31	0.0374	21.85	0.02053915275994865
21574	40	4	4	4	4	4	4	1070	75	14.266666666666667	8.58	0.0841	41.18	0.011214953271028037
21575	30	3	3	4	4	3	3	369	13	28.384615384615383	3.82	0.0093	19.33	0.02168021680216802
21577	40	4	4	4	4	4	4	466	19	24.526315789473685	4.55	0.0561	33.61	0.02575107296137339
21578	32	3	4	4	3	3	3	597	33	18.09090909090909	5.77	0.0841	29.41	0.06030150753768844
21579	27	3	3	4	3	3	3	226	3	75.33333333333333	1.33	0.028	16.81	0.10176991150442478
21581	36	4	4	4	4	4	4	538	20	26.9	4.25	0.0467	36.13	0.011152416356877323
21582	34	3	4	4	3	4	4	688	35	19.65714285714286	5.81	0.0187	33.61	0.0188953488372093
21584	30	3	3	3	3	3	3	935	37	25.27027027027027	4.32	0.0654	42.86	0.027807486631016044
21586	39	5	4	5	5	4	4	804	35	22.97142857142857	4.71	0.0561	35.29	0.03109452736318408
21587	30	3	3	3	3	3	3	386	18	21.444444444444443	5.04	0.028	21.85	0.03626943005181347
21589	30	4	4	4	4	3	4	1011	19	53.21052631578947	2.22	0.0935	37.82	0.06033630069238378
21592	40	4	4	4	4	4	4	538	33	16.303030303030305	6.88	0.0467	35.29	0.01486988847583643
21594	32	4	4	4	4	3	3	673	40	16.825	6.56	0.0561	32.77	0.06537890044576523
21595	36	4	3	4	4	4	4	432	22	19.636363636363637	5.61	0.0654	28.57	0.013888888888888888
21596	31	3	3	4	4	4	3	380	14	27.142857142857142	3.88	0.0374	24.37	0.04736842105263158
21598	30	3	3	3	4	3	3	417	18	23.166666666666668	4.86	0.0187	20.17	0.03357314148681055
21599	47	5	5	5	5	5	5	996	66	15.090909090909092	7.67	0.0467	37.82	0.010040160642570281
21601	40	4	4	4	4	4	4	500	27	18.51851851851852	6.26	0.0374	29.41	0.006
21603	35	4	4	4	5	4	3	525	27	19.444444444444443	5.68	0.0561	35.29	0.0838095238095238
21604	33	4	4	4	4	3	3	571	35	16.314285714285713	6.99	0.0374	42.02	0.04203152364273205
21605	36	3	3	4	4	4	4	346	15	23.066666666666666	4.87	0.0374	31.09	0.017341040462427744
21606	36	4	4	4	4	4	4	503	25	20.12	5.71	0.0748	20.17	0.015904572564612324
21607	48	5	5	5	5	5	5	957	58	16.5	6.96	0.0841	36.97	0.0041797283176593526
21608	40	4	4	4	4	4	4	601	26	23.115384615384617	4.63	0.0374	45.38	0.026622296173044926
21609	40	4	4	4	4	4	4	780	37	21.08108108108108	5.56	0.0561	46.22	0.008974358974358974
21610	40	4	4	5	4	4	4	939	40	23.475	4.69	0.0935	44.54	0.01703940362087327
21611	42	4	4	4	4	4	5	1030	57	18.07017543859649	6.62	0.1308	39.5	0.011650485436893204
21613	40	4	4	4	4	4	4	874	38	23.0	4.98	0.0561	48.74	0.005720823798627002
21615	32	4	4	4	4	3	3	888	15	59.2	1.92	0.0654	34.45	0.041666666666666664
21617	36	4	4	4	4	4	3	806	46	17.52173913043478	6.41	0.0935	34.45	0.007444168734491315
21618	40	4	4	4	4	4	4	840	40	21.0	5.51	0.0748	35.29	0.017857142857142856
21619	10	1	1	1	1	1	1	4	1	4.0	25.0	0.0	0.0	0.25
21620	33	4	4	4	4	4	3	876	31	28.258064516129032	3.9	0.0561	43.7	0.026255707762557076
21621	44	5	4	5	5	5	5	1013	45	22.511111111111113	5.24	0.0748	37.82	0.012833168805528134
21623	35	4	4	4	4	4	3	825	32	25.78125	4.17	0.0748	35.29	0.03515151515151515
21624	30	3	3	4	4	4	3	909	9	101.0	1.07	0.0467	33.61	0.0517051705170517
21626	35	4	4	4	4	4	3	1007	27	37.2962962962963	3.13	0.0748	38.66	0.019860973187686197
21628	32	4	3	4	4	4	3	666	35	19.02857142857143	6.26	0.0374	39.5	0.05405405405405406
21629	40	5	5	5	5	5	5	997	41	24.317073170731707	4.91	0.0654	36.97	0.013039117352056168
21630	40	4	4	4	4	4	4	684	39	17.53846153846154	6.77	0.0654	34.45	0.005847953216374269
21633	40	4	4	4	4	4	4	541	29	18.655172413793103	6.12	0.0374	41.18	0.0036968576709796672
