id	overall_score	ideas_score	flow_score	coherence_score	vocab_score	grammar_score	total_words	total_sentences	words_div_sentences	sent_density	pct_transitions	pct_rel_trigrams	grammar_errors_ltp_by_words	difficult_words	proportion_vocab_list[a]_total_words	proportion_vocab_list[a]_headwords	proportion_vocab_list[accent]_total_words	proportion_vocab_list[accent]_headwords	proportion_vocab_list[abandon]_total_words	proportion_vocab_list[abandon]_headwords	proportion_vocab_list[abnormal]_total_words	proportion_vocab_list[abnormal]_headwords	proportion_vocab_list[abbey]_total_words	proportion_vocab_list[abbey]_headwords	proportion_vocab_list[abduct]_total_words	proportion_vocab_list[abduct]_headwords	proportion_vocab_list[abate]_total_words	proportion_vocab_list[abate]_headwords	proportion_vocab_list[aback]_total_words	proportion_vocab_list[aback]_headwords	proportion_vocab_list[abbot]_total_words	proportion_vocab_list[abbot]_headwords	proportion_vocab_list[abet]_total_words	proportion_vocab_list[abet]_headwords	proportion_vocab_list[abrasion]_total_words	proportion_vocab_list[abrasion]_headwords	proportion_vocab_list[aberrant]_total_words	proportion_vocab_list[aberrant]_headwords	proportion_vocab_list[abattoir]_total_words	proportion_vocab_list[abattoir]_headwords	proportion_vocab_list[abashed]_total_words	proportion_vocab_list[abashed]_headwords	proportion_vocab_list[abacus]_total_words	proportion_vocab_list[abacus]_headwords	proportion_vocab_list[abalone]_total_words	proportion_vocab_list[abalone]_headwords	proportion_vocab_list[abductee]_total_words	proportion_vocab_list[abductee]_headwords	proportion_vocab_list[aardvark]_total_words	proportion_vocab_list[aardvark]_headwords	proportion_vocab_list[abnegate]_total_words	proportion_vocab_list[abnegate]_headwords	proportion_vocab_list[abaya]_total_words	proportion_vocab_list[abaya]_headwords	proportion_vocab_list[abaft]_total_words	proportion_vocab_list[abaft]_headwords	proportion_vocab_list[abomasum]_total_words	proportion_vocab_list[abomasum]_headwords	proportion_vocab_list[abettor]_total_words	proportion_vocab_list[abettor]_headwords	proportion_vocab_list[acetal]_total_words	proportion_vocab_list[acetal]_headwords	proportion_vocab_list[ablaut]_total_words	proportion_vocab_list[ablaut]_headwords	proportion_vocab_list[a1]_total_words	proportion_vocab_list[a1]_headwords	proportion_vocab_list[ah]_total_words	proportion_vocab_list[ah]_headwords	proportion_vocab_list[absentminded]_total_words	proportion_vocab_list[absentminded]_headwords	proportion_vocab_list[aal]_total_words	proportion_vocab_list[aal]_headwords	unique_words	ttrr	num_types	flesch_reading_ease	flesch_kincaid_grade	smog_index	automated_readability_index	coleman_liau_index	linsear_write_formula	dale_chall_readability_score	text_standard	spache_readability	reading_time	crawford	wiener_sachtextformel	monosyllabcount	polysyllabcount	letter_count	char_count	sentence_count	lexicon_count	syllable_count	ts_avg_len_sent	ts_avg_sent_per_word	ts_avg_syllab_per_word	nlemma_types	n_bigram_lemma_types	n_trigram_lemma_types	nlemmas	n_bigram_lemmas	n_trigram_lemmas	ncontent_types	ncontent_tokens	content_ttr	nfunction_tokens	nfunction_types	function_ttr	nouns_total	nouns_unique	ttr_nouns	determiners_unique	determiners_per_words	determiners_total	conjunctions_unique	conjunctions_total	conjunctions_per_words	pronouns_unique	pronouns_total	pronouns_density	pronouns_noun_ratio
300436199	4	4	5	4	4	4	357	11	32.45454545454545	3.34	0.0467	32.77	0.03081232492997199	67	0.2857142857142857	0.014875309902289632	0.08683473389355742	0.004866562009419153	0.04201680672268908	0.002551020408163265	0.0056022408963585435	0.00041109969167523125	0.0056022408963585435	0.00046565774155995343	0.0028011204481792717	0.00024378352023403217	0.0	0.0	0.0	0.0	0.0	0.0	0.0	0.0	0.0	0.0	0.0	0.0	0.0	0.0	0.0	0.0	0.0	0.0	0.0	0.0	0.0	0.0	0.0	0.0	0.0	0.0	0.0	0.0	0.0	0.0	0.0	0.0	0.0	0.0	0.0	0.0	0.0	0.0	0.0	0.0	0.0	0.0	0.0	0.0	0.0	0.0	51.37	0.51	169	41.53	14.8	15.2	17.6	12.54	15.5	8.9	15.0	6.770485970819305	24.55	3.7	8.400664197530864	196	49	1634	1671	11	324	519	29.5	0.03	1.6	169	168	167	329	328	327	130	197	0.6599	132	39	0.2955	28	15	0.5357	1	0.09726	32	3	6	0.01824	3	6	0.01824	0.21
300443203	4	3	4	4	4	4	231	17	13.588235294117647	8.17	0.0093	31.93	0.03463203463203463	52	0.31601731601731603	0.010646055126148461	0.11255411255411256	0.004081632653061225	0.06493506493506493	0.002551020408163265	0.008658008658008658	0.00041109969167523125	0.0	0.0	0.0	0.0	0.0	0.0	0.0	0.0	0.0	0.0	0.0	0.0	0.0	0.0	0.0	0.0	0.0	0.0	0.0	0.0	0.0	0.0	0.0	0.0	0.0	0.0	0.0	0.0	0.0	0.0	0.0	0.0	0.0	0.0	0.0	0.0	0.0	0.0	0.0	0.0	0.0	0.0	0.0	0.0	0.0	0.0	0.0	0.0	0.0	0.0	61.06	0.61	127	41.56	10.6	12.5	12.2	14.6	6.625	9.07	11.0	4.8289068627450975	17.35	3.6	8.706064705882353	111	43	1153	1181	16	204	359	12.8	0.08	1.8	127	126	125	208	207	206	87	128	0.6797	80	40	0.5	25	18	0.72	1	0.0625	13	1	3	0.01442	1	8	0.03846	0.32
300400010	4	3	5	4	4	4	349	14	24.928571428571427	4.31	0.0374	39.5	0.017191977077363897	38	0.2492836676217765	0.01268776432842351	0.03724928366762178	0.0020408163265306124	0.03151862464183381	0.0018707482993197278	0.0	0.0	0.0	0.0	0.0	0.0	0.0	0.0	0.0	0.0	0.0	0.0	0.0	0.0	0.0	0.0	0.0	0.0	0.0	0.0	0.0	0.0	0.0	0.0	0.0	0.0	0.0	0.0	0.0	0.0	0.0	0.0	0.0	0.0	0.0	0.0	0.0	0.0	0.0	0.0	0.0	0.0	0.0	0.0	0.0	0.0	0.0	0.0	0.0	0.0	0.0	0.0	36.31	0.36	118	48.13	12.3	13.8	14.3	12.31	10.833333333333334	6.74	12.0	5.096906832298137	24.34	3.6	7.4696683229813665	192	49	1627	1657	14	322	522	23.0	0.04	1.6	118	117	116	325	324	323	75	173	0.4335	152	43	0.2829	38	13	0.3421	1	0.09846	32	1	8	0.02462	1	10	0.03077	0.26
300451442	5	5	5	5	5	5	402	16	25.125	4.31	0.0374	35.29	0.022388059701492536	41	0.23134328358208955	0.013562782557969957	0.04228855721393035	0.0026687598116169543	0.017412935323383085	0.0011904761904761906	0.0	0.0	0.0	0.0	0.0	0.0	0.0	0.0	0.0	0.0	0.0	0.0	0.0	0.0	0.0	0.0	0.0	0.0	0.0	0.0	0.0	0.0	0.0	0.0	0.0	0.0	0.0	0.0	0.0	0.0	0.0	0.0	0.0	0.0	0.0	0.0	0.0	0.0	0.0	0.0	0.0	0.0	0.0	0.0	0.0	0.0	0.0	0.0	0.0	0.0	0.0	0.0	35.04	0.35	130	48.43	12.1	13.7	13.8	11.78	16.25	6.85	12.0	5.009287362258952	27.1	3.4	7.012895454545454	216	55	1801	1845	16	363	573	22.7	0.04	1.6	130	129	128	371	370	369	87	205	0.4244	166	43	0.259	44	12	0.2727	1	0.09973	37	1	5	0.01348	1	7	0.01887	0.16
300462744	4	5	5	5	4	4	538	15	35.86666666666667	3.01	0.0561	38.66	0.024163568773234202	43	0.20631970260223048	0.016187837246609306	0.040892193308550186	0.003453689167974882	0.022304832713754646	0.0020408163265306124	0.0	0.0	0.0	0.0	0.0	0.0	0.0	0.0	0.0	0.0	0.0	0.0	0.0	0.0	0.0	0.0	0.0	0.0	0.0	0.0	0.0	0.0	0.0	0.0	0.0	0.0	0.0	0.0	0.0	0.0	0.0	0.0	0.0	0.0	0.0	0.0	0.0	0.0	0.0	0.0	0.0	0.0	0.0	0.0	0.0	0.0	0.0	0.0	0.0018587360594795538	0.00016545334215751158	0.0	0.0	31.12	0.31	155	46.54	14.9	15.0	18.1	11.15	15.0	7.0	15.0	6.223301419878297	35.52	3.3	7.850063258958755	334	65	2368	2418	15	493	734	32.9	0.03	1.5	155	154	153	498	497	496	107	265	0.4038	233	48	0.206	59	17	0.2881	1	0.10643	53	2	9	0.01807	2	15	0.03012	0.25
300465371	3	3	3	3	3	3	367	9	40.77777777777778	2.69	0.0374	29.41	0.04904632152588556	21	0.21525885558583105	0.01152107335569491	0.01907356948228883	0.001098901098901099	0.013623978201634877	0.0008503401360544217	0.0	0.0	0.0	0.0	0.0	0.0	0.0	0.0	0.0	0.0	0.0	0.0	0.0	0.0	0.0	0.0	0.0	0.0	0.0	0.0	0.0	0.0	0.0	0.0	0.0	0.0	0.0	0.0	0.0	0.0	0.0	0.0	0.0	0.0	0.0	0.0	0.0	0.0	0.0	0.0	0.0	0.0	0.0	0.0	0.0	0.0	0.0	0.0	0.0	0.0	0.0	0.0	30.24	0.3	101	43.5	16.1	14.9	19.2	10.34	10.666666666666666	6.64	11.0	6.458466460268317	22.81	3.2	7.614507671138631	217	38	1505	1553	9	323	472	35.9	0.03	1.5	101	100	99	334	333	332	62	175	0.3543	159	39	0.2453	39	7	0.1795	1	0.06287	21	2	6	0.01796	2	1	0.00299	0.03
300467528	5	5	5	4	5	4	442	22	20.09090909090909	5.34	0.0374	42.02	0.04751131221719457	55	0.24434389140271492	0.01575032813183608	0.08144796380090498	0.00565149136577708	0.03167420814479638	0.002380952380952381	0.0	0.0	0.0	0.0	0.0	0.0	0.0	0.0	0.0	0.0	0.0	0.0	0.0	0.0	0.0	0.0	0.0	0.0	0.0	0.0	0.0	0.0	0.0	0.0	0.0	0.0	0.0	0.0	0.0	0.0	0.0	0.0	0.0	0.0	0.0	0.0	0.0	0.0	0.0	0.0	0.0	0.0	0.0	0.0	0.0	0.0	0.0	0.0	0.0	0.0	0.0	0.0	41.02	0.41	169	61.36	9.2	11.8	10.8	10.44	12.0	7.21	12.0	4.5955609068351	28.94	2.8	5.535368238213399	270	51	1928	1970	22	403	599	18.3	0.05	1.5	169	168	167	412	411	410	125	240	0.5208	172	44	0.2558	36	13	0.3611	1	0.1165	48	1	10	0.02427	1	22	0.0534	0.61
300470595	4	4	4	4	4	4	444	20	22.2	4.77	0.028	36.97	0.02702702702702703	30	0.24549549549549549	0.015896164503427155	0.02702702702702703	0.0018838304552590266	0.013513513513513514	0.0010204081632653062	0.0	0.0	0.0	0.0	0.0	0.0	0.0	0.0	0.0	0.0	0.0	0.0	0.0	0.0	0.0	0.0	0.0	0.0	0.0	0.0	0.0	0.0	0.0	0.0	0.0	0.0	0.0	0.0	0.0	0.0	0.0	0.0	0.0	0.0	0.0	0.0	0.0	0.0	0.0	0.0	0.0	0.0	0.0	0.0	0.0	0.0	0.0	0.0	0.0	0.0	0.0	0.0	32.46	0.32	136	66.37	9.4	11.3	11.6	9.57	8.833333333333334	6.13	10.0	4.528592073403848	28.6	2.6	4.606784987893462	287	39	1913	1947	19	413	587	21.7	0.05	1.4	136	135	134	419	418	417	88	235	0.3745	184	48	0.2609	42	8	0.1905	1	0.06921	29	2	6	0.01432	2	18	0.04296	0.43
300475607	4	4	4	4	4	3	374	18	20.77777777777778	5.26	0.0467	36.13	0.0213903743315508	39	0.2700534759358289	0.014729473530698556	0.05080213903743316	0.0029827315541601255	0.026737967914438502	0.0017006802721088435	0.0	0.0	0.0	0.0	0.0	0.0	0.00267379679144385	0.0002718129926610492	0.0	0.0	0.0	0.0	0.0	0.0	0.0	0.0	0.0	0.0	0.0	0.0	0.0	0.0	0.0	0.0	0.0	0.0	0.0	0.0	0.0	0.0	0.0	0.0	0.0	0.0	0.0	0.0	0.0	0.0	0.0	0.0	0.0	0.0	0.0	0.0	0.0	0.0	0.0	0.0	0.0	0.0	0.0	0.0	41.23	0.41	141	68.2	8.7	11.4	10.3	8.88	10.166666666666666	6.95	9.0	4.640086413326392	23.02	2.6	4.743412493492972	238	36	1529	1567	17	339	486	19.9	0.05	1.4	141	140	139	342	341	340	92	176	0.5227	166	49	0.2952	36	13	0.3611	1	0.09649	33	3	6	0.01754	3	19	0.05556	0.53
300476894	4	4	4	5	4	4	396	15	26.4	4.09	0.0654	43.7	0.025252525252525252	48	0.255050505050505	0.014729473530698556	0.05808080808080808	0.003610675039246468	0.03282828282828283	0.002210884353741497	0.0	0.0	0.0	0.0	0.0025252525252525255	0.00024378352023403217	0.0025252525252525255	0.0002718129926610492	0.0	0.0	0.0	0.0	0.0	0.0	0.0	0.0	0.0	0.0	0.0	0.0	0.0	0.0	0.0	0.0	0.0	0.0	0.0	0.0	0.0	0.0	0.0	0.0	0.0	0.0	0.0	0.0	0.0	0.0	0.0	0.0	0.0	0.0	0.0	0.0	0.0	0.0	0.0	0.0	0.0	0.0	0.0	0.0	40.05	0.4	147	46.81	12.8	14.1	15.0	12.42	13.6	7.23	13.0	5.394665934065934	27.62	3.4	7.0240350183150175	231	55	1846	1880	15	364	572	24.3	0.04	1.6	147	146	145	367	366	365	98	209	0.4689	158	49	0.3101	61	17	0.2787	1	0.09264	34	4	9	0.02452	4	11	0.02997	0.18
300400011	5	5	5	5	5	4	357	17	21.0	5.18	0.028	35.29	0.0392156862745098	63	0.28851540616246496	0.015021146273880705	0.08403361344537816	0.004709576138147566	0.058823529411764705	0.0035714285714285713	0.0028011204481792717	0.00020554984583761563	0.0028011204481792717	0.00023282887077997672	0.0	0.0	0.0	0.0	0.0	0.0	0.0	0.0	0.0	0.0	0.0	0.0	0.0	0.0	0.0	0.0	0.0	0.0	0.0	0.0	0.0	0.0	0.0	0.0	0.0	0.0	0.0	0.0	0.0	0.0	0.0	0.0	0.0	0.0	0.0	0.0	0.0	0.0	0.0	0.0	0.0	0.0	0.0	0.0	0.0	0.0	0.0	0.0	50.61	0.51	166	43.83	11.8	13.7	14.1	14.04	13.6	8.07	14.0	5.1892622319956025	26.06	3.6	7.954683928898662	183	58	1733	1774	17	321	530	18.9	0.05	1.7	166	165	164	328	327	326	122	204	0.598	124	44	0.3548	46	22	0.4783	1	0.05793	19	2	7	0.02134	2	9	0.02744	0.2
300458321	4	4	4	4	4	4	357	13	27.46153846153846	3.89	0.0374	37.82	0.03361344537815126	36	0.24369747899159663	0.01268776432842351	0.04481792717086835	0.002511773940345369	0.03081232492997199	0.0018707482993197278	0.0	0.0	0.0	0.0	0.0	0.0	0.0	0.0	0.0	0.0	0.0	0.0	0.0	0.0	0.0	0.0	0.0	0.0	0.0	0.0	0.0	0.0	0.0	0.0	0.0	0.0	0.0	0.0	0.0	0.0	0.0	0.0	0.0	0.0	0.0	0.0	0.0	0.0	0.0	0.0	0.0	0.0	0.0	0.0	0.0	0.0	0.0	0.0	0.0	0.0	0.0	0.0	36.83	0.37	123	43.77	13.9	13.7	16.4	12.31	12.2	6.92	14.0	5.636902439024389	24.78	3.5	7.164767479674795	200	41	1655	1687	12	328	511	27.3	0.04	1.6	123	122	121	334	333	332	77	175	0.44	159	46	0.2893	42	11	0.2619	1	0.0988	33	2	7	0.02096	2	15	0.04491	0.36
300465369	3	3	4	4	3	3	299	11	27.181818181818183	3.93	0.0654	28.57	0.033444816053511704	24	0.27759197324414714	0.01210441884205921	0.026755852842809364	0.0012558869701726845	0.033444816053511704	0.0017006802721088435	0.0	0.0	0.0	0.0	0.0	0.0	0.0	0.0	0.0	0.0	0.0	0.0	0.0	0.0	0.0	0.0	0.0	0.0	0.0	0.0	0.0	0.0	0.0	0.0	0.0	0.0	0.0	0.0	0.0	0.0	0.0	0.0	0.0	0.0	0.0	0.0	0.0	0.0	0.0	0.0	0.0	0.0	0.0	0.0	0.0	0.0	0.0	0.0	0.0	0.0	0.0	0.0	38.57	0.39	108	37.54	14.3	15.8	16.2	13.29	16.5	6.54	12.0	5.124644268774704	21.58	3.9	8.593098550724637	168	54	1442	1469	11	276	456	25.1	0.04	1.7	108	107	106	280	279	278	74	174	0.4253	106	34	0.3208	33	6	0.1818	1	0.05357	15	1	6	0.02143	1	3	0.01071	0.09
300478717	3	4	3	4	3	3	358	14	25.571428571428573	4.29	0.0654	27.73	0.0446927374301676	41	0.2849162011173184	0.014875309902289632	0.05027932960893855	0.00282574568288854	0.019553072625698324	0.0011904761904761906	0.0111731843575419	0.0008221993833504625	0.0	0.0	0.0	0.0	0.0	0.0	0.0	0.0	0.0	0.0	0.0	0.0	0.0	0.0	0.0	0.0	0.0	0.0	0.002793296089385475	0.00043497172683775554	0.0	0.0	0.0	0.0	0.0	0.0	0.0	0.0	0.0	0.0	0.0	0.0	0.002793296089385475	0.0006056935190793458	0.0	0.0	0.0	0.0	0.0	0.0	0.0	0.0	0.0	0.0	0.0	0.0	0.002793296089385475	0.00016545334215751158	0.0	0.0	46.32	0.46	151	56.69	11.0	11.6	13.7	11.49	12.0	7.88	12.0	5.1637321428571425	23.69	2.9	5.238308035714285	217	31	1571	1613	14	320	468	22.9	0.04	1.5	151	150	149	326	325	324	110	209	0.5263	117	41	0.3504	33	19	0.5758	1	0.04908	16	2	15	0.04601	2	13	0.03988	0.39
300481896	5	5	4	5	5	4	432	18	24.0	4.56	0.0561	43.7	0.032407407407407406	55	0.25925925925925924	0.01633367361820038	0.046296296296296294	0.0031397174254317113	0.03935185185185185	0.002891156462585034	0.004629629629629629	0.00041109969167523125	0.0023148148148148147	0.00023282887077997672	0.004629629629629629	0.00048756704046806434	0.0	0.0	0.0	0.0	0.0	0.0	0.0	0.0	0.0	0.0	0.0	0.0	0.0	0.0	0.0	0.0	0.0	0.0	0.0	0.0	0.0	0.0	0.0	0.0	0.0	0.0	0.0	0.0	0.0	0.0	0.0	0.0	0.0	0.0	0.0	0.0	0.0	0.0	0.0	0.0	0.0	0.0	0.0	0.0	0.0	0.0	43.29	0.43	171	66.37	9.4	11.0	12.0	9.81	11.6	7.47	12.0	5.106820512820512	27.43	2.6	4.797153846153845	282	34	1822	1867	18	390	550	21.7	0.05	1.4	171	170	169	395	394	393	120	223	0.5381	172	51	0.2965	42	17	0.4048	1	0.09114	36	1	8	0.02025	1	29	0.07342	0.69
300482646	3	4	4	3	3	4	625	19	32.89473684210526	3.23	0.0654	49.58	0.0464	78	0.2272	0.020708764765932624	0.0432	0.00423861852433281	0.0208	0.002210884353741497	0.008	0.0010277492291880781	0.0	0.0	0.0016	0.00024378352023403217	0.0	0.0	0.0	0.0	0.0	0.0	0.0	0.0	0.0	0.0	0.0	0.0	0.0	0.0	0.0	0.0	0.0	0.0	0.0	0.0	0.0	0.0	0.0	0.0	0.0	0.0	0.0	0.0	0.0	0.0	0.0	0.0	0.0	0.0	0.0	0.0	0.0	0.0	0.0	0.0	0.0	0.0	0.0032	0.00033090668431502316	0.0	0.0	36.84	0.37	217	57.74	12.7	13.0	16.2	10.4	19.333333333333332	7.69	13.0	6.267325325508894	40.4	2.9	6.65996306620209	409	57	2681	2750	19	574	815	30.2	0.03	1.4	217	216	215	589	588	587	160	351	0.4558	238	57	0.2395	64	21	0.3281	1	0.07131	42	2	18	0.03056	2	33	0.05603	0.52
300491415	3	3	4	4	4	3	349	12	29.083333333333332	3.76	0.0561	36.13	0.05730659025787966	45	0.33810888252148996	0.01720869184774683	0.05157593123209169	0.00282574568288854	0.03151862464183381	0.0018707482993197278	0.0028653295128939827	0.00020554984583761563	0.0028653295128939827	0.00023282887077997672	0.0	0.0	0.0	0.0	0.0	0.0	0.0	0.0	0.0	0.0	0.0028653295128939827	0.0003399048266485384	0.0	0.0	0.0	0.0	0.0	0.0	0.0	0.0	0.0	0.0	0.0	0.0	0.0	0.0	0.0	0.0	0.0	0.0	0.0	0.0	0.0	0.0	0.0	0.0	0.0	0.0	0.0	0.0	0.0	0.0	0.0	0.0	0.0	0.0	0.0	0.0	51.41	0.51	164	62.01	11.1	12.0	14.9	11.15	15.25	7.96	12.0	5.745384615384614	22.74	2.8	5.916847435897437	216	29	1513	1548	12	312	446	26.0	0.04	1.4	164	163	162	319	318	317	115	174	0.6609	145	49	0.3379	39	15	0.3846	1	0.0721	23	3	11	0.03448	3	23	0.0721	0.59
300414886	3	3	3	4	3	3	292	11	26.545454545454547	4.12	0.0374	24.37	0.0821917808219178	21	0.23972602739726026	0.010208546011375236	0.02054794520547945	0.0009419152276295133	0.0136986301369863	0.0006802721088435374	0.003424657534246575	0.00020554984583761563	0.0	0.0	0.0	0.0	0.0	0.0	0.0	0.0	0.0	0.0	0.0	0.0	0.0	0.0	0.0	0.0	0.0	0.0	0.0	0.0	0.0	0.0	0.0	0.0	0.0	0.0	0.0	0.0	0.0	0.0	0.0	0.0	0.0	0.0	0.0	0.0	0.0	0.0	0.0	0.0	0.0	0.0	0.0	0.0	0.0	0.0	0.0	0.0	0.0	0.0	34.83	0.35	93	64.44	10.1	10.6	13.3	10.45	11.0	6.57	11.0	4.866342657342656	18.6	2.5	4.221307692307693	192	19	1230	1266	11	260	359	23.6	0.04	1.4	93	92	91	267	266	265	58	150	0.3867	117	35	0.2991	35	12	0.3429	1	0.03371	9	2	5	0.01873	2	27	0.10112	0.77
300433944	4	5	4	5	4	4	935	19	49.21052631578947	2.18	0.0935	47.06	0.03529411764705882	73	0.19893048128342247	0.027125565115939915	0.029946524064171122	0.004395604395604396	0.014973262032085561	0.002380952380952381	0.0032085561497326204	0.0006166495375128469	0.0	0.0	0.0	0.0	0.0	0.0	0.0	0.0	0.0	0.0	0.0	0.0	0.0	0.0	0.0	0.0	0.0	0.0	0.0	0.0	0.0	0.0	0.0	0.0	0.0	0.0	0.0	0.0	0.0	0.0	0.0	0.0	0.0	0.0	0.0	0.0	0.0	0.0	0.0	0.0	0.0	0.0	0.0	0.0	0.0	0.0	0.0010695187165775401	0.00016545334215751158	0.0010695187165775401	0.0008703220191470844	29.67	0.3	259	50.88	17.4	12.8	23.1	9.94	19.0	7.7	10.0	7.951105263157894	58.57	2.7	7.796732558139535	646	55	3904	3987	19	860	1150	45.3	0.02	1.3	259	258	257	873	872	871	193	463	0.4168	410	66	0.161	115	32	0.2783	1	0.07446	65	3	27	0.03093	3	60	0.06873	0.52
300448682	5	5	4	5	5	5	1541	61	25.262295081967213	4.25	0.0748	67.23	0.03309539260220636	123	0.15444516547696302	0.034709056438675806	0.035691109669046074	0.008634222919937205	0.012978585334198572	0.003401360544217687	0.003893575600259572	0.0012332990750256938	0.0006489292667099286	0.00023282887077997672	0.0012978585334198572	0.00048756704046806434	0.0	0.0	0.0	0.0	0.0	0.0	0.0	0.0	0.0	0.0	0.0	0.0	0.0	0.0	0.0	0.0	0.0	0.0	0.0	0.0	0.0	0.0	0.0	0.0	0.0	0.0	0.0	0.0	0.0	0.0	0.0	0.0	0.0	0.0	0.0	0.0	0.0	0.0	0.0006489292667099286	4.462492748449284e-05	0.0	0.0	0.003244646333549643	0.0008272667107875579	0.0006489292667099286	0.0008703220191470844	24.93	0.25	358	64.95	9.9	12.0	13.0	10.62	13.4	6.5	11.0	4.843058268377083	100.55	2.7	5.405607999813579	989	147	6695	6845	61	1407	2023	23.1	0.04	1.4	358	357	356	1436	1435	1434	288	790	0.3646	646	70	0.1084	156	46	0.2949	1	0.0766	110	3	52	0.03621	3	105	0.07312	0.67
300468100	5	5	5	5	5	5	480	22	21.818181818181817	5.05	0.0935	46.22	0.029166666666666667	77	0.2604166666666667	0.018229546448884353	0.05	0.0037676609105180532	0.03958333333333333	0.0032312925170068026	0.008333333333333333	0.0008221993833504625	0.004166666666666667	0.00046565774155995343	0.0	0.0	0.0	0.0	0.0	0.0	0.0	0.0	0.0	0.0	0.0	0.0	0.0	0.0	0.0	0.0	0.0	0.0	0.0	0.0	0.0	0.0	0.0	0.0	0.0	0.0	0.0	0.0	0.0	0.0	0.0	0.0	0.0	0.0	0.0	0.0	0.0	0.0	0.0	0.0	0.0	0.0	0.0	0.0	0.0020833333333333333	0.00016545334215751158	0.0	0.0	44.95	0.45	196	60.24	9.7	11.9	11.8	10.97	10.666666666666666	7.89	12.0	5.126501490312966	31.3	3.0	5.8329868852459015	272	52	2078	2131	22	427	653	19.4	0.05	1.5	196	195	194	436	435	434	143	243	0.5885	193	53	0.2746	55	24	0.4364	1	0.0711	31	2	9	0.02064	2	21	0.04817	0.38
300469408	5	5	5	5	4	5	817	33	24.757575757575758	4.37	0.1215	47.9	0.025703794369645042	87	0.21542227662178703	0.025667201400029167	0.04895960832313342	0.006279434850863423	0.0208078335373317	0.002891156462585034	0.0036719706242350062	0.0006166495375128469	0.0012239902080783353	0.00023282887077997672	0.0012239902080783353	0.00024378352023403217	0.0	0.0	0.0	0.0	0.0	0.0	0.0	0.0	0.0012239902080783353	0.0003399048266485384	0.0	0.0	0.0	0.0	0.0	0.0	0.0	0.0	0.0	0.0	0.0	0.0	0.0	0.0	0.0	0.0	0.0	0.0	0.0	0.0	0.0	0.0	0.0	0.0	0.0	0.0	0.0	0.0	0.0	0.0	0.0	0.0	0.0024479804161566705	0.00033090668431502316	0.0	0.0	35.1	0.35	265	65.56	9.7	11.5	12.4	10.16	20.666666666666668	7.14	12.0	5.017719431511884	52.18	2.7	5.044453189577718	521	71	3473	3552	33	742	1060	22.5	0.04	1.4	265	264	263	755	754	753	204	416	0.4904	339	61	0.1799	88	33	0.375	1	0.07947	60	3	20	0.02649	3	60	0.07947	0.68
300474288	4	4	4	4	3	4	348	3	116.0	0.87	0.0561	29.41	0.09482758620689655	35	0.32471264367816094	0.016479509989791453	0.017241379310344827	0.0009419152276295133	0.017241379310344827	0.0010204081632653062	0.0028735632183908046	0.00020554984583761563	0.0	0.0	0.0	0.0	0.0	0.0	0.0	0.0	0.0	0.0	0.0	0.0	0.0	0.0	0.0	0.0	0.0	0.0	0.0	0.0	0.0	0.0	0.0	0.0	0.0	0.0	0.0028735632183908046	0.000517063081695967	0.0	0.0	0.0	0.0	0.0	0.0	0.0	0.0	0.0	0.0	0.0	0.0	0.0	0.0	0.0	0.0	0.0	0.0	0.0028735632183908046	0.00016545334215751158	0.0	0.0	43.35	0.43	150	-76.72	66.4	0.0	84.8	9.37	27.5	14.38	0.0	25.830116959064323	22.17	3.1	27.94584912280701	255	19	1500	1509	2	342	461	171.0	0.01	1.3	150	149	148	346	345	344	98	175	0.56	171	52	0.3041	29	11	0.3793	1	0.06069	21	2	7	0.02023	2	22	0.06358	0.76
300476203	4	4	4	4	3	4	369	18	20.5	5.49	0.0467	29.41	0.02981029810298103	45	0.21951219512195122	0.01181274609887706	0.05420054200542006	0.0031397174254317113	0.005420054200542005	0.0003401360544217687	0.005420054200542005	0.00041109969167523125	0.0	0.0	0.0027100271002710027	0.00024378352023403217	0.0	0.0	0.0	0.0	0.0	0.0	0.0	0.0	0.0	0.0	0.0	0.0	0.0	0.0	0.0	0.0	0.0	0.0	0.0	0.0	0.0	0.0	0.0	0.0	0.0	0.0	0.0	0.0	0.0	0.0	0.0	0.0	0.0	0.0	0.0	0.0	0.0	0.0	0.0027100271002710027	4.462492748449284e-05	0.0	0.0	0.0027100271002710027	0.00016545334215751158	0.0	0.0	36.89	0.37	121	61.77	9.1	10.7	12.1	11.77	11.6	7.12	12.0	4.5631966873706	24.66	3.0	5.503134023464457	189	32	1628	1679	18	322	498	17.9	0.06	1.5	121	120	119	328	327	326	89	229	0.3886	99	32	0.3232	57	9	0.1579	1	0.02744	9	1	2	0.0061	1	4	0.0122	0.07
300478184	4	4	4	4	3	4	363	14	25.928571428571427	4.08	0.0374	40.34	0.0440771349862259	53	0.31129476584022037	0.016479509989791453	0.05785123966942149	0.0032967032967032967	0.03856749311294766	0.002380952380952381	0.0	0.0	0.0027548209366391185	0.00023282887077997672	0.0	0.0	0.0	0.0	0.0	0.0	0.0	0.0	0.0	0.0	0.0	0.0	0.0	0.0	0.0	0.0	0.0	0.0	0.0	0.0	0.0	0.0	0.0	0.0	0.0	0.0	0.0	0.0	0.0	0.0	0.0	0.0	0.0	0.0	0.0	0.0	0.0	0.0	0.0	0.0	0.0	0.0	0.0	0.0	0.005509641873278237	0.00033090668431502316	0.0	0.0	48.1	0.48	165	64.24	10.2	12.0	14.6	12.13	14.75	8.33	12.0	5.561554483054483	25.08	2.8	5.866926383526383	229	34	1673	1707	14	333	482	23.8	0.04	1.4	165	164	163	343	342	341	122	209	0.5837	134	43	0.3209	45	27	0.6	1	0.06414	22	2	11	0.03207	2	15	0.04373	0.33
300478187	4	4	4	4	4	4	457	21	21.761904761904763	4.98	0.0561	39.5	0.02188183807439825	34	0.23851203501094093	0.015896164503427155	0.037199124726477024	0.0026687598116169543	0.0175054704595186	0.0013605442176870747	0.0	0.0	0.0	0.0	0.0	0.0	0.0	0.0	0.0	0.0	0.0	0.0	0.0	0.0	0.0	0.0	0.0	0.0	0.0	0.0	0.0	0.0	0.0	0.0	0.0	0.0	0.0	0.0	0.0	0.0	0.0	0.0	0.0	0.0	0.0	0.0	0.0	0.0	0.0	0.0	0.0	0.0	0.0	0.0	0.0	0.0	0.0	0.0	0.0	0.0	0.0	0.0	34.36	0.34	145	68.3	8.7	10.7	10.9	9.75	7.142857142857142	6.48	11.0	4.3350274725274724	29.1	2.4	4.084123534798536	295	37	1938	1981	21	416	583	19.8	0.05	1.4	145	144	143	422	421	420	97	243	0.3992	179	48	0.2682	68	22	0.3235	1	0.03791	16	2	12	0.02844	2	32	0.07583	0.47
300484033	4	4	4	4	4	4	276	7	39.42857142857143	2.65	0.0374	32.77	0.05434782608695652	26	0.3007246376811594	0.01210441884205921	0.036231884057971016	0.0015698587127158557	0.025362318840579712	0.0011904761904761906	0.007246376811594203	0.00041109969167523125	0.0	0.0	0.0	0.0	0.0	0.0	0.0	0.0	0.0	0.0	0.0	0.0	0.0	0.0	0.0	0.0	0.0	0.0	0.0	0.0	0.0	0.0	0.0	0.0	0.0	0.0	0.0	0.0	0.0	0.0	0.0	0.0	0.0	0.0	0.0	0.0	0.0	0.0	0.0	0.0	0.0	0.0	0.0	0.0	0.0	0.0	0.007246376811594203	0.00033090668431502316	0.0	0.0	45.08	0.45	119	42.48	16.5	15.5	21.4	12.83	15.25	7.79	16.0	6.902523809523808	19.61	3.6	8.774529789590256	174	33	1312	1335	7	258	397	36.9	0.03	1.5	119	118	117	264	263	262	82	161	0.5093	103	37	0.3592	28	9	0.3214	1	0.06061	16	1	4	0.01515	1	4	0.01515	0.14
300484044	4	4	4	5	4	4	486	14	34.714285714285715	3.02	0.0374	37.82	0.037037037037037035	41	0.25308641975308643	0.0179378737057022	0.024691358024691357	0.0018838304552590266	0.0205761316872428	0.0017006802721088435	0.00205761316872428	0.00020554984583761563	0.0	0.0	0.0	0.0	0.0	0.0	0.0	0.0	0.0	0.0	0.0	0.0	0.0	0.0	0.0	0.0	0.0	0.0	0.0	0.0	0.0	0.0	0.0	0.0	0.0	0.0	0.0	0.0	0.0	0.0	0.0	0.0	0.0	0.0	0.0	0.0	0.0	0.0	0.0	0.0	0.0	0.0	0.0	0.0	0.0	0.0	0.00205761316872428	0.00016545334215751158	0.0	0.0	35.78	0.36	166	46.85	14.8	13.5	17.2	10.28	12.2	7.02	15.0	6.21319646764614	31.75	3.1	7.05724020006252	327	46	2127	2161	14	457	663	32.6	0.03	1.5	166	165	164	464	463	462	115	240	0.4792	224	51	0.2277	33	13	0.3939	1	0.10129	47	1	9	0.0194	1	42	0.09052	1.27
300485556	5	4	4	5	4	5	597	31	19.258064516129032	5.66	0.0841	44.54	0.01340033500837521	62	0.2562814070351759	0.022312964853434446	0.03350083752093802	0.0031397174254317113	0.023450586264656615	0.002380952380952381	0.006700167504187605	0.0008221993833504625	0.0016750418760469012	0.00023282887077997672	0.0	0.0	0.0	0.0	0.0	0.0	0.0	0.0	0.0	0.0	0.0	0.0	0.0	0.0	0.0	0.0	0.0	0.0	0.0	0.0	0.0	0.0	0.0	0.0	0.0	0.0	0.0	0.0	0.0	0.0	0.0	0.0	0.0	0.0	0.0	0.0	0.0	0.0	0.0	0.0	0.0	0.0	0.0	0.0	0.0	0.0	0.0	0.0	37.77	0.38	207	70.63	7.8	9.9	9.8	9.45	8.833333333333334	6.8	10.0	4.290726311412106	38.03	2.3	3.697840420602388	386	43	2532	2589	31	543	762	17.5	0.06	1.4	207	206	205	548	547	546	150	312	0.4808	236	57	0.2415	77	33	0.4286	1	0.07299	40	2	9	0.01642	2	19	0.03467	0.25
300489269	5	5	5	4	5	4	559	24	23.291666666666668	4.56	0.028	36.13	0.059033989266547404	52	0.2110912343470483	0.01720869184774683	0.03220035778175313	0.00282574568288854	0.017889087656529516	0.0017006802721088435	0.0	0.0	0.0	0.0	0.0	0.0	0.0	0.0	0.0	0.0	0.0	0.0	0.0	0.0	0.0	0.0	0.0	0.0	0.0	0.0	0.0	0.0	0.0	0.0	0.0	0.0	0.0	0.0	0.0	0.0	0.0	0.0	0.0	0.0	0.0	0.0	0.0	0.0	0.0	0.0	0.0	0.0	0.0	0.0	0.0017889087656529517	4.462492748449284e-05	0.0	0.0	0.0017889087656529517	0.00016545334215751158	0.0	0.0	33.65	0.34	177	66.67	9.3	9.2	12.9	11.2	10.8	6.82	10.0	4.728788910505836	37.87	2.6	4.474057328145266	334	27	2524	2578	24	514	734	21.4	0.05	1.4	177	176	175	526	525	524	131	321	0.4081	205	46	0.2244	90	27	0.3	1	0.03802	20	3	14	0.02662	3	41	0.07795	0.46
300490889	4	4	4	4	4	4	497	12	41.416666666666664	2.57	0.0561	37.82	0.03621730382293763	42	0.2575452716297787	0.018667055563657577	0.04024144869215292	0.0031397174254317113	0.018108651911468814	0.001530612244897959	0.002012072434607646	0.00020554984583761563	0.0	0.0	0.0	0.0	0.0	0.0	0.0	0.0	0.0	0.0	0.0	0.0	0.0	0.0	0.0	0.0	0.0	0.0	0.0	0.0	0.0	0.0	0.0	0.0	0.0	0.0	0.0	0.0	0.0	0.0	0.0	0.0	0.0	0.0	0.0	0.0	0.0	0.0	0.0	0.0	0.0	0.0	0.0	0.0	0.0	0.0	0.0	0.0	0.0	0.0	38.33	0.38	179	58.49	14.5	11.7	19.4	9.7	13.75	7.43	10.0	6.959100993377483	31.03	2.6	6.648875055187638	329	27	2061	2112	12	453	608	37.8	0.03	1.3	179	178	177	467	466	465	118	253	0.4664	214	61	0.285	32	12	0.375	1	0.08565	40	2	10	0.02141	2	29	0.0621	0.91
300479205	4	5	5	4	4	4	804	41	19.609756097560975	5.67	0.0467	50.42	0.028606965174129355	75	0.20771144278606965	0.024354674055709492	0.046019900497512436	0.005808477237048666	0.014925373134328358	0.0020408163265306124	0.0037313432835820895	0.0006166495375128469	0.0012437810945273632	0.00023282887077997672	0.0	0.0	0.0	0.0	0.0	0.0	0.0	0.0	0.0	0.0	0.0	0.0	0.0	0.0	0.0	0.0	0.0	0.0	0.0	0.0	0.0	0.0	0.0	0.0	0.0	0.0	0.0	0.0	0.0	0.0	0.0	0.0	0.0	0.0	0.0	0.0	0.0	0.0	0.0	0.0	0.0	0.0	0.0	0.0	0.0	0.0	0.0012437810945273632	0.0008703220191470844	34.85	0.35	252	70.94	7.6	10.3	10.0	9.68	12.4	6.81	10.0	4.18269576016835	50.25	2.5	4.135097036602615	488	65	3325	3421	41	707	1021	17.2	0.06	1.4	252	251	250	723	722	721	184	440	0.4182	283	68	0.2403	105	39	0.3714	1	0.04564	33	4	26	0.03596	4	29	0.04011	0.28
300484040	4	3	4	4	4	4	451	19	23.736842105263158	4.48	0.0654	45.38	0.04434589800443459	50	0.28824833702882485	0.018958728306839725	0.028824833702882482	0.0020408163265306124	0.022172949002217297	0.0017006802721088435	0.0066518847006651885	0.0006166495375128469	0.0022172949002217295	0.00023282887077997672	0.0	0.0	0.0	0.0	0.0	0.0	0.0	0.0	0.0	0.0	0.0	0.0	0.0	0.0	0.0	0.0	0.0	0.0	0.0	0.0	0.0	0.0	0.0	0.0	0.0	0.0	0.0	0.0	0.0	0.0	0.0	0.0	0.0	0.0	0.0	0.0	0.0	0.0	0.0	0.0	0.0022172949002217295	4.462492748449284e-05	0.0	0.0	0.0022172949002217295	0.00016545334215751158	0.0	0.0	42.69	0.43	181	66.27	9.4	10.5	11.5	9.17	14.25	7.01	9.0	4.949963132468852	28.38	2.6	4.456122705314009	289	32	1889	1932	19	414	585	21.8	0.05	1.4	181	180	179	424	423	422	124	226	0.5487	198	57	0.2879	40	19	0.475	1	0.07075	30	2	18	0.04245	2	39	0.09198	0.97
300484277	3	4	3	3	3	4	436	22	19.818181818181817	5.26	0.0187	38.66	0.04357798165137615	39	0.29128440366972475	0.0185212191920665	0.04357798165137615	0.0029827315541601255	0.011467889908256881	0.0008503401360544217	0.0	0.0	0.0022935779816513763	0.00023282887077997672	0.0	0.0	0.0	0.0	0.0	0.0	0.0	0.0	0.0	0.0	0.0	0.0	0.0	0.0	0.0	0.0	0.0	0.0	0.0	0.0	0.0	0.0	0.0	0.0	0.0	0.0	0.0	0.0	0.0	0.0	0.0	0.0	0.0	0.0	0.0	0.0	0.0	0.0	0.0	0.0	0.0	0.0	0.0	0.0	0.0	0.0	0.0	0.0	39.47	0.39	165	69.41	8.2	10.3	10.5	10.04	6.0	6.6	9.0	4.289194757796947	28.9	2.2	4.2078214111922145	298	35	1937	1967	22	411	564	18.7	0.05	1.4	165	164	163	418	417	416	116	235	0.4936	183	49	0.2678	67	28	0.4179	1	0.08852	37	3	22	0.05263	3	24	0.05742	0.36
300485722	3	4	3	3	4	3	470	20	23.5	4.43	0.0467	32.77	0.05531914893617021	65	0.23404255319148937	0.01604200087501823	0.059574468085106386	0.004395604395604396	0.029787234042553193	0.002380952380952381	0.0	0.0	0.0	0.0	0.0	0.0	0.0	0.0	0.0	0.0	0.0	0.0	0.0	0.0	0.0	0.0	0.0	0.0	0.0	0.0	0.0	0.0	0.0	0.0	0.0	0.0	0.0	0.0	0.0	0.0	0.0	0.0	0.0	0.0	0.0	0.0	0.0	0.0	0.0	0.0	0.0	0.0	0.0	0.0	0.002127659574468085	4.462492748449284e-05	0.0	0.0	0.00425531914893617	0.00033090668431502316	0.0	0.0	37.69	0.38	170	57.2	10.8	11.5	13.1	11.09	8.5	7.89	12.0	5.240909284116331	32.58	2.9	5.735298076062639	294	43	2162	2218	20	447	662	22.4	0.04	1.5	170	169	168	451	450	449	129	255	0.5059	196	41	0.2092	76	34	0.4474	1	0.09313	42	2	8	0.01774	2	19	0.04213	0.25
300469240	3	3	4	3	3	3	236	11	21.454545454545453	4.98	0.0561	26.05	0.0423728813559322	39	0.3432203389830508	0.01181274609887706	0.059322033898305086	0.002197802197802198	0.025423728813559324	0.0010204081632653062	0.012711864406779662	0.0006166495375128469	0.00423728813559322	0.00023282887077997672	0.00423728813559322	0.00024378352023403217	0.0	0.0	0.0	0.0	0.0	0.0	0.0	0.0	0.0	0.0	0.00423728813559322	0.00036310820624546115	0.0	0.0	0.0	0.0	0.0	0.0	0.0	0.0	0.0	0.0	0.0	0.0	0.0	0.0	0.0	0.0	0.0	0.0	0.0	0.0	0.0	0.0	0.0	0.0	0.0	0.0	0.0	0.0	0.0	0.0	0.0	0.0	0.0	0.0	52.94	0.53	117	49.35	11.8	13.7	13.5	11.84	10.833333333333334	7.9	12.0	5.451332110091743	16.35	3.5	7.63055633027523	131	34	1095	1113	10	218	351	21.8	0.05	1.6	117	116	115	221	220	219	82	145	0.5655	76	35	0.4605	25	11	0.44	1	0.06787	15	2	6	0.02715	2	4	0.0181	0.16
300471151	5	5	5	4	5	5	414	19	21.789473684210527	5.0	0.0561	36.13	0.01932367149758454	56	0.23429951690821257	0.014146128044334258	0.0748792270531401	0.004866562009419153	0.033816425120772944	0.002380952380952381	0.004830917874396135	0.00041109969167523125	0.0	0.0	0.0	0.0	0.0	0.0	0.0	0.0	0.0	0.0	0.0	0.0	0.0	0.0	0.0	0.0	0.0	0.0	0.0	0.0	0.0	0.0	0.0	0.0	0.0	0.0	0.0	0.0	0.0	0.0	0.0	0.0	0.0	0.0	0.0	0.0	0.0	0.0	0.0	0.0	0.0	0.0	0.0	0.0	0.0	0.0	0.0	0.0	0.0	0.0	40.26	0.4	153	50.36	11.4	13.4	13.6	12.36	11.5	7.41	12.0	5.056367201426024	28.76	3.5	7.248563161021984	216	58	1913	1958	18	374	601	20.8	0.05	1.6	153	152	151	380	379	378	108	228	0.4737	152	45	0.2961	47	17	0.3617	1	0.08421	32	2	3	0.00789	2	6	0.01579	0.13
300478180	4	4	4	4	4	4	315	17	18.529411764705884	6.03	0.0187	32.77	0.022222222222222223	32	0.3523809523809524	0.016187837246609306	0.031746031746031744	0.0015698587127158557	0.025396825396825397	0.0013605442176870747	0.0	0.0	0.006349206349206349	0.00046565774155995343	0.0031746031746031746	0.00024378352023403217	0.0	0.0	0.0	0.0	0.0	0.0	0.0	0.0	0.0	0.0	0.0	0.0	0.0	0.0	0.0	0.0	0.0	0.0	0.0	0.0	0.0	0.0	0.0	0.0	0.0	0.0	0.0	0.0	0.0	0.0	0.0	0.0	0.0	0.0	0.0	0.0	0.0	0.0	0.0	0.0	0.0	0.0	0.0	0.0	0.0	0.0	50.71	0.51	143	71.75	7.3	10.6	9.4	9.39	8.833333333333334	6.95	9.0	4.134692763436309	19.61	2.3	4.73302471434617	197	29	1294	1335	17	278	393	16.4	0.06	1.4	143	142	141	282	281	280	100	173	0.578	109	43	0.3945	37	19	0.5135	1	0.03901	11	2	5	0.01773	2	11	0.03901	0.3
300476975	4	4	4	4	3	3	229	13	17.615384615384617	6.13	0.028	22.69	0.039301310043668124	25	0.27510917030567683	0.009187691410237713	0.034934497816593885	0.0012558869701726845	0.039301310043668124	0.001530612244897959	0.0	0.0	0.0	0.0	0.0	0.0	0.0	0.0	0.0	0.0	0.0	0.0	0.0	0.0	0.0	0.0	0.0	0.0	0.0	0.0	0.0	0.0	0.0	0.0	0.0	0.0	0.0	0.0	0.0	0.0	0.0	0.0	0.0	0.0	0.0	0.0	0.0	0.0	0.0	0.0	0.0	0.0	0.0	0.0	0.0	0.0	0.0	0.0	0.0	0.0	0.0	0.0	42.92	0.43	91	55.64	9.4	11.7	10.4	11.13	13.0	6.74	9.0	4.099882531261841	15.23	3.2	5.905104130352406	123	29	1005	1037	13	203	328	15.6	0.06	1.6	91	90	89	212	211	210	54	126	0.4286	86	37	0.4302	25	10	0.4	1	0.08019	17	3	5	0.02358	3	1	0.00472	0.04
300478707	4	4	4	4	4	4	372	16	23.25	4.69	0.0654	39.5	0.043010752688172046	42	0.30913978494623656	0.016771182732973604	0.03494623655913978	0.0020408163265306124	0.026881720430107527	0.0017006802721088435	0.002688172043010753	0.00020554984583761563	0.0	0.0	0.0	0.0	0.0	0.0	0.0	0.0	0.0	0.0	0.0	0.0	0.0	0.0	0.0	0.0	0.0	0.0	0.0	0.0	0.0	0.0	0.0	0.0	0.0	0.0	0.0	0.0	0.0	0.0	0.0	0.0	0.0	0.0	0.0	0.0	0.0	0.0	0.0	0.0	0.0	0.0	0.0	0.0	0.0	0.0	0.0	0.0	0.002688172043010753	0.0008703220191470844	45.45	0.45	155	58.72	10.3	12.7	11.9	10.27	9.0	7.04	10.0	4.8638121257485025	23.89	3.1	5.844791017964071	222	45	1586	1626	16	334	510	20.9	0.05	1.5	155	154	153	341	340	339	106	190	0.5579	151	49	0.3245	23	9	0.3913	1	0.08798	30	3	8	0.02346	3	22	0.06452	0.96
300422495	3	4	3	4	3	4	412	21	19.61904761904762	5.53	0.0374	39.5	0.06067961165048544	38	0.24271844660194175	0.01458363715910748	0.03398058252427184	0.002197802197802198	0.012135922330097087	0.0008503401360544217	0.0	0.0	0.0	0.0	0.0024271844660194173	0.00024378352023403217	0.0	0.0	0.0	0.0	0.0	0.0	0.0	0.0	0.0	0.0	0.0	0.0	0.0	0.0	0.0	0.0	0.0	0.0	0.0	0.0	0.0	0.0	0.0	0.0	0.0	0.0	0.0	0.0	0.0024271844660194173	0.0006056935190793458	0.0	0.0	0.0	0.0	0.0	0.0	0.0	0.0	0.0	0.0	0.0	0.0	0.0	0.0	0.0024271844660194173	0.0008703220191470844	36.58	0.37	139	44.44	11.6	13.5	13.6	13.81	11.833333333333334	6.62	14.0	4.307592465753425	29.47	3.6	7.631934246575343	206	66	1955	2006	20	365	609	18.3	0.05	1.7	139	138	137	380	379	378	92	230	0.4	150	47	0.3133	66	17	0.2576	1	0.08421	32	2	4	0.01053	2	10	0.02632	0.15
300445396	4	5	4	4	4	5	300	12	25.0	4.41	0.0374	31.09	0.02666666666666667	32	0.25333333333333335	0.011083564240921686	0.05333333333333334	0.002511773940345369	0.04	0.0020408163265306124	0.006666666666666667	0.00041109969167523125	0.0	0.0	0.0	0.0	0.0	0.0	0.0	0.0	0.0	0.0	0.0	0.0	0.0	0.0	0.0	0.0	0.0	0.0	0.0	0.0	0.0	0.0	0.0	0.0	0.0	0.0	0.0	0.0	0.0	0.0	0.0	0.0	0.0	0.0	0.0	0.0	0.0	0.0	0.0	0.0	0.0	0.0	0.0	0.0	0.0	0.0	0.0	0.0	0.0	0.0	42.28	0.42	115	57.1	10.9	13.7	12.9	10.86	13.6	7.03	11.0	5.030759259259259	19.48	3.1	6.707592592592593	181	41	1295	1326	12	270	409	22.5	0.04	1.5	115	114	113	272	271	270	81	151	0.5364	121	34	0.281	20	7	0.35	1	0.125	34	2	8	0.02941	2	7	0.02574	0.35
300446931	4	5	4	5	4	4	481	15	32.06666666666667	3.44	0.0654	36.97	0.06652806652806653	62	0.23492723492723494	0.016479509989791453	0.033264033264033266	0.002511773940345369	0.031185031185031187	0.002551020408163265	0.006237006237006237	0.0006166495375128469	0.004158004158004158	0.00046565774155995343	0.0	0.0	0.0	0.0	0.0	0.0	0.0	0.0	0.0	0.0	0.0	0.0	0.0	0.0	0.0	0.0	0.0	0.0	0.0	0.0	0.0	0.0	0.0	0.0	0.0	0.0	0.0	0.0	0.0	0.0	0.0	0.0	0.0	0.0	0.0	0.0	0.0	0.0	0.0	0.0	0.0	0.0	0.0	0.0	0.004158004158004158	0.00033090668431502316	0.002079002079002079	0.0008703220191470844	40.14	0.4	175	51.41	13.1	14.9	16.1	11.26	17.25	8.03	14.0	6.062908313539191	30.83	3.5	8.128411749802058	264	64	2050	2099	15	421	652	28.1	0.04	1.5	175	174	173	436	435	434	125	247	0.5061	189	50	0.2646	55	20	0.3636	1	0.08257	36	2	15	0.0344	2	18	0.04128	0.33
300444606	4	4	4	4	4	4	401	16	25.0625	4.32	0.0654	37.82	0.057356608478802994	65	0.22194513715710723	0.012979437071605659	0.04987531172069826	0.0031397174254317113	0.057356608478802994	0.0039115646258503405	0.004987531172069825	0.00041109969167523125	0.0	0.0	0.0	0.0	0.0	0.0	0.0	0.0	0.0	0.0	0.0	0.0	0.0	0.0	0.0	0.0	0.0	0.0	0.0	0.0	0.0	0.0	0.0	0.0	0.0	0.0	0.0	0.0	0.0	0.0	0.0	0.0	0.0	0.0	0.0	0.0	0.0	0.0	0.0	0.0	0.0	0.0	0.0	0.0	0.0	0.0	0.0	0.0	0.0	0.0	40.54	0.41	150	39.87	13.4	14.3	15.7	14.05	13.0	7.8	13.0	5.582464285714286	29.2	3.9	8.097591208791208	210	61	1947	1988	16	364	607	22.8	0.04	1.7	150	149	148	370	369	368	108	210	0.5143	160	42	0.2625	39	17	0.4359	1	0.10541	39	2	8	0.02162	2	17	0.04595	0.44
300473269	4	5	4	4	4	4	456	23	19.82608695652174	5.54	0.0654	42.02	0.02631578947368421	82	0.26535087719298245	0.017646200962520054	0.07236842105263158	0.005180533751962323	0.043859649122807015	0.003401360544217687	0.006578947368421052	0.0006166495375128469	0.0021929824561403508	0.00023282887077997672	0.0021929824561403508	0.00024378352023403217	0.0	0.0	0.0	0.0	0.0	0.0	0.0	0.0	0.0	0.0	0.0	0.0	0.0	0.0	0.0	0.0	0.0	0.0	0.0	0.0	0.0	0.0	0.0	0.0	0.0	0.0	0.0	0.0	0.0	0.0	0.0	0.0	0.0	0.0	0.0	0.0	0.0	0.0	0.0	0.0	0.0	0.0	0.0043859649122807015	0.00033090668431502316	0.0	0.0	49.64	0.5	206	62.17	8.9	11.6	11.6	11.42	7.857142857142858	8.58	12.0	5.059441147912395	30.47	2.8	5.691855626281152	270	51	2015	2074	23	403	605	17.5	0.06	1.5	206	205	204	415	414	413	153	237	0.6456	178	53	0.2978	56	27	0.4821	1	0.08434	35	2	4	0.00964	2	18	0.04337	0.32
300476977	4	4	4	4	4	4	322	14	23.0	4.68	0.0467	33.61	0.015527950310559006	46	0.2515527950310559	0.01181274609887706	0.055900621118012424	0.00282574568288854	0.027950310559006212	0.001530612244897959	0.015527950310559006	0.0010277492291880781	0.0	0.0	0.003105590062111801	0.00024378352023403217	0.0	0.0	0.0	0.0	0.0	0.0	0.0	0.0	0.0	0.0	0.0	0.0	0.0	0.0	0.0	0.0	0.0	0.0	0.0	0.0	0.0	0.0	0.0	0.0	0.0	0.0	0.0	0.0	0.0	0.0	0.0	0.0	0.0	0.0	0.0	0.0	0.0	0.0	0.0	0.0	0.0	0.0	0.003105590062111801	0.00016545334215751158	0.0	0.0	43.48	0.43	130	58.72	10.3	12.5	11.5	9.81	17.25	7.64	10.0	5.140099219892734	20.57	3.0	5.336373183812774	200	38	1369	1400	14	293	444	20.9	0.05	1.5	130	129	128	299	298	297	90	181	0.4972	118	40	0.339	33	9	0.2727	1	0.06355	19	3	10	0.03344	3	9	0.0301	0.27
300479609	4	4	4	4	4	3	398	19	20.94736842105263	5.21	0.0841	39.5	0.02512562814070352	78	0.27386934673366836	0.015896164503427155	0.09045226130653267	0.00565149136577708	0.04020100502512563	0.0027210884353741495	0.007537688442211055	0.0006166495375128469	0.007537688442211055	0.0006984866123399302	0.002512562814070352	0.00024378352023403217	0.0	0.0	0.002512562814070352	0.0002924831822170225	0.0	0.0	0.0	0.0	0.0	0.0	0.0	0.0	0.0	0.0	0.0	0.0	0.0	0.0	0.0	0.0	0.0	0.0	0.0	0.0	0.0	0.0	0.0	0.0	0.0	0.0	0.0	0.0	0.0	0.0	0.0	0.0	0.0	0.0	0.0	0.0	0.0	0.0	0.002512562814070352	0.00016545334215751158	0.0	0.0	52.05	0.52	190	51.48	11.0	13.4	13.7	13.05	11.166666666666666	8.94	14.0	5.506915254237288	27.9	3.5	7.09609152542373	221	58	1850	1899	18	354	573	19.7	0.05	1.6	190	189	188	365	364	363	146	226	0.646	139	44	0.3165	45	22	0.4889	1	0.08219	30	2	6	0.01644	2	16	0.04384	0.36
300484037	4	4	4	4	3	4	471	13	36.23076923076923	3.0	0.0467	36.13	0.03397027600849257	57	0.25477707006369427	0.017500364590928977	0.04246284501061571	0.0031397174254317113	0.025477707006369428	0.0020408163265306124	0.004246284501061571	0.00041109969167523125	0.0021231422505307855	0.00023282887077997672	0.0	0.0	0.0	0.0	0.0	0.0	0.0	0.0	0.0	0.0	0.0	0.0	0.0	0.0	0.0	0.0	0.0	0.0	0.0	0.0	0.0	0.0	0.0	0.0	0.0	0.0	0.0	0.0	0.0	0.0	0.0	0.0	0.0	0.0	0.0	0.0	0.0	0.0	0.0	0.0	0.0	0.0	0.0	0.0	0.006369426751592357	0.0004963600264725347	0.0021231422505307855	0.0008703220191470844	41.47	0.41	180	46.54	14.9	14.1	18.3	11.38	15.0	7.81	15.0	6.6264809489575835	31.11	3.4	8.009271171818833	278	48	2071	2118	13	428	649	32.9	0.03	1.5	180	179	178	434	433	432	129	253	0.5099	181	51	0.2818	62	23	0.371	1	0.04608	20	1	14	0.03226	1	16	0.03687	0.26
300484657	4	4	4	4	4	4	262	6	43.666666666666664	2.35	0.028	25.21	0.030534351145038167	48	0.3320610687022901	0.01268776432842351	0.0916030534351145	0.0037676609105180532	0.04580152671755725	0.0020408163265306124	0.003816793893129771	0.00020554984583761563	0.003816793893129771	0.00023282887077997672	0.0	0.0	0.0	0.0	0.0	0.0	0.0	0.0	0.0	0.0	0.0	0.0	0.0	0.0	0.0	0.0	0.0	0.0	0.0	0.0	0.0	0.0	0.0	0.0	0.0	0.0	0.0	0.0	0.0	0.0	0.0	0.0	0.0	0.0	0.0	0.0	0.0	0.0	0.0	0.0	0.0	0.0	0.0	0.0	0.0	0.0	0.0	0.0	54.51	0.55	139	29.56	19.4	18.4	23.4	12.96	17.25	9.25	13.0	8.331516129032257	18.7	4.2	10.968997849462365	154	43	1254	1273	6	248	408	41.3	0.02	1.6	139	138	137	255	254	253	96	153	0.6275	102	43	0.4216	22	13	0.5909	1	0.05098	13	2	5	0.01961	2	11	0.04314	0.5
300486175	4	4	4	4	4	4	396	15	26.4	4.12	0.0841	38.66	0.03282828282828283	75	0.3181818181818182	0.018375382820475426	0.06818181818181818	0.00423861852433281	0.047979797979797977	0.0032312925170068026	0.012626262626262626	0.0010277492291880781	0.0025252525252525255	0.00023282887077997672	0.0025252525252525255	0.00024378352023403217	0.0	0.0	0.0	0.0	0.0025252525252525255	0.00031289111389236547	0.0	0.0	0.0	0.0	0.0	0.0	0.0	0.0	0.0	0.0	0.0	0.0	0.0	0.0	0.0	0.0	0.0	0.0	0.0	0.0	0.0	0.0	0.0	0.0	0.0	0.0	0.0	0.0	0.0	0.0	0.0	0.0	0.0	0.0	0.0	0.0	0.0025252525252525255	0.00016545334215751158	0.0025252525252525255	0.0008703220191470844	55.77	0.56	203	55.98	11.3	12.9	13.6	10.86	10.333333333333334	8.64	11.0	5.988633898305084	25.62	3.1	6.52911209039548	239	44	1698	1744	15	354	534	23.6	0.04	1.5	203	202	201	364	363	362	148	210	0.7048	154	55	0.3571	33	20	0.6061	1	0.08242	30	1	8	0.02198	1	19	0.0522	0.58
300436199	4	2	4	4	4	4	357	11	32.45454545454545	3.34	0.0467	32.77	0.03081232492997199	67	0.2857142857142857	0.014875309902289632	0.08683473389355742	0.004866562009419153	0.04201680672268908	0.002551020408163265	0.0056022408963585435	0.00041109969167523125	0.0056022408963585435	0.00046565774155995343	0.0028011204481792717	0.00024378352023403217	0.0	0.0	0.0	0.0	0.0	0.0	0.0	0.0	0.0	0.0	0.0	0.0	0.0	0.0	0.0	0.0	0.0	0.0	0.0	0.0	0.0	0.0	0.0	0.0	0.0	0.0	0.0	0.0	0.0	0.0	0.0	0.0	0.0	0.0	0.0	0.0	0.0	0.0	0.0	0.0	0.0	0.0	0.0	0.0	0.0	0.0	51.37	0.51	169	41.53	14.8	15.2	17.6	12.54	15.5	8.9	15.0	6.770485970819305	24.55	3.7	8.400664197530864	196	49	1634	1671	11	324	519	29.5	0.03	1.6	169	168	167	329	328	327	130	197	0.6599	132	39	0.2955	28	15	0.5357	1	0.09726	32	3	6	0.01824	3	6	0.01824	0.21
300443203	3	2	3	3	3	3	231	17	13.588235294117647	8.17	0.0093	31.93	0.03463203463203463	52	0.31601731601731603	0.010646055126148461	0.11255411255411256	0.004081632653061225	0.06493506493506493	0.002551020408163265	0.008658008658008658	0.00041109969167523125	0.0	0.0	0.0	0.0	0.0	0.0	0.0	0.0	0.0	0.0	0.0	0.0	0.0	0.0	0.0	0.0	0.0	0.0	0.0	0.0	0.0	0.0	0.0	0.0	0.0	0.0	0.0	0.0	0.0	0.0	0.0	0.0	0.0	0.0	0.0	0.0	0.0	0.0	0.0	0.0	0.0	0.0	0.0	0.0	0.0	0.0	0.0	0.0	0.0	0.0	61.06	0.61	127	41.56	10.6	12.5	12.2	14.6	6.625	9.07	11.0	4.8289068627450975	17.35	3.6	8.706064705882353	111	43	1153	1181	16	204	359	12.8	0.08	1.8	127	126	125	208	207	206	87	128	0.6797	80	40	0.5	25	18	0.72	1	0.0625	13	1	3	0.01442	1	8	0.03846	0.32
300446328	4	3	4	4	4	4	393	18	21.833333333333332	5.13	0.028	35.29	0.017811704834605598	32	0.25190839694656486	0.014437800787516407	0.03816793893129771	0.002354788069073783	0.015267175572519083	0.0010204081632653062	0.002544529262086514	0.00020554984583761563	0.0	0.0	0.0	0.0	0.0	0.0	0.0	0.0	0.0	0.0	0.0	0.0	0.0	0.0	0.0	0.0	0.0	0.0	0.0	0.0	0.0	0.0	0.0	0.0	0.0	0.0	0.0	0.0	0.0	0.0	0.0	0.0	0.0	0.0	0.0	0.0	0.0	0.0	0.0	0.0	0.0	0.0	0.0	0.0	0.0	0.0	0.0	0.0	0.0	0.0	37.61	0.38	132	52.49	10.6	12.6	12.3	11.72	10.666666666666666	6.53	11.0	4.295450544015825	25.66	3.1	6.041854071876029	221	49	1685	1747	18	337	525	18.7	0.05	1.6	132	131	130	351	350	349	85	193	0.4404	158	47	0.2975	42	12	0.2857	1	0.07123	25	3	8	0.02279	3	17	0.04843	0.4
300400010	3	3	4	3	3	3	349	14	24.928571428571427	4.31	0.0374	39.5	0.017191977077363897	38	0.2492836676217765	0.01268776432842351	0.03724928366762178	0.0020408163265306124	0.03151862464183381	0.0018707482993197278	0.0	0.0	0.0	0.0	0.0	0.0	0.0	0.0	0.0	0.0	0.0	0.0	0.0	0.0	0.0	0.0	0.0	0.0	0.0	0.0	0.0	0.0	0.0	0.0	0.0	0.0	0.0	0.0	0.0	0.0	0.0	0.0	0.0	0.0	0.0	0.0	0.0	0.0	0.0	0.0	0.0	0.0	0.0	0.0	0.0	0.0	0.0	0.0	0.0	0.0	0.0	0.0	36.31	0.36	118	48.13	12.3	13.8	14.3	12.31	10.833333333333334	6.74	12.0	5.096906832298137	24.34	3.6	7.4696683229813665	192	49	1627	1657	14	322	522	23.0	0.04	1.6	118	117	116	325	324	323	75	173	0.4335	152	43	0.2829	38	13	0.3421	1	0.09846	32	1	8	0.02462	1	10	0.03077	0.26
300441214	4	3	4	4	4	4	296	11	26.90909090909091	3.96	0.028	26.89	0.05067567567567568	40	0.27364864864864863	0.01181274609887706	0.060810810810810814	0.00282574568288854	0.04391891891891892	0.002210884353741497	0.0033783783783783786	0.00020554984583761563	0.0	0.0	0.0	0.0	0.0	0.0	0.0	0.0	0.0	0.0	0.0	0.0	0.0	0.0	0.0	0.0	0.0	0.0	0.0	0.0	0.0	0.0	0.006756756756756757	0.0009587727708533077	0.0	0.0	0.0	0.0	0.0	0.0	0.0	0.0	0.0	0.0	0.0	0.0	0.0	0.0	0.0	0.0	0.0	0.0	0.0	0.0	0.0	0.0	0.0	0.0	0.0	0.0	44.96	0.45	125	55.47	11.5	12.4	14.6	11.78	15.5	7.69	12.0	5.5339313893653514	19.85	3.2	6.476698113207547	168	29	1314	1351	11	265	406	24.1	0.04	1.5	125	124	123	278	277	276	85	160	0.5312	118	40	0.339	27	10	0.3704	1	0.08273	23	1	4	0.01439	1	14	0.05036	0.52
300446492	4	4	4	4	4	4	358	10	35.8	3.04	0.0467	31.09	0.036312849162011177	47	0.2541899441340782	0.013271109814787808	0.06424581005586592	0.003610675039246468	0.0223463687150838	0.0013605442176870747	0.002793296089385475	0.00020554984583761563	0.0	0.0	0.0	0.0	0.0	0.0	0.0	0.0	0.0	0.0	0.0	0.0	0.0	0.0	0.0	0.0	0.0	0.0	0.0	0.0	0.0	0.0	0.0	0.0	0.0	0.0	0.0	0.0	0.0	0.0	0.0	0.0	0.0	0.0	0.0	0.0	0.0	0.0	0.0	0.0	0.0	0.0	0.0	0.0	0.0	0.0	0.0	0.0	0.0	0.0	41.03	0.41	135	30.03	17.1	17.7	20.9	14.75	16.75	8.02	17.0	6.6651923076923065	26.4	4.4	10.687830769230768	188	65	1760	1797	10	325	558	32.5	0.03	1.7	135	134	133	329	328	327	89	185	0.4811	144	46	0.3194	48	14	0.2917	1	0.1155	38	2	4	0.01216	2	7	0.02128	0.15
300451442	4	4	4	4	4	3	402	16	25.125	4.31	0.0374	35.29	0.022388059701492536	41	0.23134328358208955	0.013562782557969957	0.04228855721393035	0.0026687598116169543	0.017412935323383085	0.0011904761904761906	0.0	0.0	0.0	0.0	0.0	0.0	0.0	0.0	0.0	0.0	0.0	0.0	0.0	0.0	0.0	0.0	0.0	0.0	0.0	0.0	0.0	0.0	0.0	0.0	0.0	0.0	0.0	0.0	0.0	0.0	0.0	0.0	0.0	0.0	0.0	0.0	0.0	0.0	0.0	0.0	0.0	0.0	0.0	0.0	0.0	0.0	0.0	0.0	0.0	0.0	0.0	0.0	35.04	0.35	130	48.43	12.1	13.7	13.8	11.78	16.25	6.85	12.0	5.009287362258952	27.1	3.4	7.012895454545454	216	55	1801	1845	16	363	573	22.7	0.04	1.6	130	129	128	371	370	369	87	205	0.4244	166	43	0.259	44	12	0.2727	1	0.09973	37	1	5	0.01348	1	7	0.01887	0.16
300456377	5	4	5	5	5	5	358	11	32.54545454545455	3.23	0.0841	26.89	0.027932960893854747	78	0.30446927374301674	0.015896164503427155	0.12849162011173185	0.007221350078492936	0.05027932960893855	0.003061224489795918	0.01675977653631285	0.0012332990750256938	0.0	0.0	0.0	0.0	0.002793296089385475	0.0002718129926610492	0.0	0.0	0.0	0.0	0.0	0.0	0.0	0.0	0.0	0.0	0.0	0.0	0.0	0.0	0.0	0.0	0.0	0.0	0.0	0.0	0.0	0.0	0.0	0.0	0.0	0.0	0.0	0.0	0.0	0.0	0.0	0.0	0.0	0.0	0.0	0.0	0.0	0.0	0.0	0.0	0.0	0.0	0.0	0.0	55.43	0.55	189	37.17	16.5	16.8	20.4	13.65	13.2	9.7	17.0	7.589415384615384	26.3	4.0	9.941567100591717	204	57	1768	1790	10	338	554	33.8	0.03	1.6	189	188	187	341	340	339	145	206	0.7039	135	44	0.3259	30	19	0.6333	1	0.06452	22	2	14	0.04106	2	10	0.02933	0.33
300462744	4	4	5	4	4	4	538	15	35.86666666666667	3.01	0.0561	38.66	0.024163568773234202	43	0.20631970260223048	0.016187837246609306	0.040892193308550186	0.003453689167974882	0.022304832713754646	0.0020408163265306124	0.0	0.0	0.0	0.0	0.0	0.0	0.0	0.0	0.0	0.0	0.0	0.0	0.0	0.0	0.0	0.0	0.0	0.0	0.0	0.0	0.0	0.0	0.0	0.0	0.0	0.0	0.0	0.0	0.0	0.0	0.0	0.0	0.0	0.0	0.0	0.0	0.0	0.0	0.0	0.0	0.0	0.0	0.0	0.0	0.0	0.0	0.0	0.0	0.0018587360594795538	0.00016545334215751158	0.0	0.0	31.12	0.31	155	46.54	14.9	15.0	18.1	11.15	15.0	7.0	15.0	6.223301419878297	35.52	3.3	7.850063258958755	334	65	2368	2418	15	493	734	32.9	0.03	1.5	155	154	153	498	497	496	107	265	0.4038	233	48	0.206	59	17	0.2881	1	0.10643	53	2	9	0.01807	2	15	0.03012	0.25
300462939	5	5	5	5	5	5	427	16	26.6875	4.06	0.0654	39.5	0.0234192037470726	55	0.24121779859484777	0.015021146273880705	0.06791569086651054	0.004552590266875981	0.0351288056206089	0.002551020408163265	0.00234192037470726	0.00020554984583761563	0.0	0.0	0.0	0.0	0.0	0.0	0.0	0.0	0.0	0.0	0.0	0.0	0.0	0.0	0.0	0.0	0.0	0.0	0.0	0.0	0.0	0.0	0.0	0.0	0.0	0.0	0.0	0.0	0.0	0.0	0.0	0.0	0.0	0.0	0.0	0.0	0.0	0.0	0.0	0.0	0.0	0.0	0.0	0.0	0.0	0.0	0.0	0.0	0.0	0.0	40.61	0.41	160	45.39	13.3	14.9	15.5	12.07	17.5	7.41	13.0	5.686571428571428	28.97	3.8	8.249687445887446	242	64	1928	1972	15	385	628	25.7	0.04	1.6	160	159	158	394	393	392	106	206	0.5146	188	54	0.2872	38	14	0.3684	1	0.09898	39	3	9	0.02284	3	16	0.04061	0.42
300465371	3	3	3	3	3	3	367	9	40.77777777777778	2.69	0.0374	29.41	0.04904632152588556	21	0.21525885558583105	0.01152107335569491	0.01907356948228883	0.001098901098901099	0.013623978201634877	0.0008503401360544217	0.0	0.0	0.0	0.0	0.0	0.0	0.0	0.0	0.0	0.0	0.0	0.0	0.0	0.0	0.0	0.0	0.0	0.0	0.0	0.0	0.0	0.0	0.0	0.0	0.0	0.0	0.0	0.0	0.0	0.0	0.0	0.0	0.0	0.0	0.0	0.0	0.0	0.0	0.0	0.0	0.0	0.0	0.0	0.0	0.0	0.0	0.0	0.0	0.0	0.0	0.0	0.0	30.24	0.3	101	43.5	16.1	14.9	19.2	10.34	10.666666666666666	6.64	11.0	6.458466460268317	22.81	3.2	7.614507671138631	217	38	1505	1553	9	323	472	35.9	0.03	1.5	101	100	99	334	333	332	62	175	0.3543	159	39	0.2453	39	7	0.1795	1	0.06287	21	2	6	0.01796	2	1	0.00299	0.03
300470886	3	3	4	4	4	3	328	10	32.8	3.22	0.0374	37.82	0.042682926829268296	28	0.23780487804878048	0.011375236984103835	0.042682926829268296	0.002197802197802198	0.021341463414634148	0.0011904761904761906	0.0	0.0	0.0	0.0	0.0	0.0	0.0	0.0	0.0	0.0	0.0	0.0	0.0	0.0	0.0	0.0	0.0	0.0	0.0	0.0	0.0	0.0	0.0	0.0	0.0	0.0	0.0	0.0	0.0	0.0	0.0	0.0	0.0	0.0	0.0	0.0	0.0	0.0	0.0	0.0	0.0	0.0	0.0	0.0	0.0	0.0	0.0	0.0	0.0	0.0	0.0	0.0	35.69	0.36	111	48.77	14.1	14.8	17.0	11.15	12.8	6.7	15.0	5.952064820846905	22.04	3.2	7.172079087947882	205	42	1475	1500	10	307	458	30.7	0.03	1.5	111	110	109	311	310	309	72	172	0.4186	139	39	0.2806	29	4	0.1379	1	0.08039	25	2	9	0.02894	2	22	0.07074	0.76
300474317	4	4	4	4	4	4	322	12	26.833333333333332	3.97	0.0374	36.97	0.031055900621118012	32	0.2888198757763975	0.013562782557969957	0.062111801242236024	0.0031397174254317113	0.031055900621118012	0.0017006802721088435	0.003105590062111801	0.00020554984583761563	0.0	0.0	0.0	0.0	0.0	0.0	0.0	0.0	0.0	0.0	0.0	0.0	0.0	0.0	0.0	0.0	0.0	0.0	0.0	0.0	0.0	0.0	0.0	0.0	0.0	0.0	0.0	0.0	0.0	0.0	0.0	0.0	0.0	0.0	0.0	0.0	0.0	0.0	0.0	0.0	0.0	0.0	0.0	0.0	0.0	0.0	0.0	0.0	0.0	0.0	43.05	0.43	130	54.76	11.8	13.4	14.2	11.03	16.5	6.93	12.0	5.263989932885906	21.54	3.1	6.291395078299775	202	39	1438	1466	12	298	445	24.8	0.04	1.5	130	129	128	302	301	300	86	160	0.5375	142	44	0.3099	38	16	0.4211	1	0.07616	23	3	9	0.0298	3	18	0.0596	0.47
300467528	3	4	3	3	4	3	442	22	20.09090909090909	5.34	0.0374	42.02	0.04751131221719457	55	0.24434389140271492	0.01575032813183608	0.08144796380090498	0.00565149136577708	0.03167420814479638	0.002380952380952381	0.0	0.0	0.0	0.0	0.0	0.0	0.0	0.0	0.0	0.0	0.0	0.0	0.0	0.0	0.0	0.0	0.0	0.0	0.0	0.0	0.0	0.0	0.0	0.0	0.0	0.0	0.0	0.0	0.0	0.0	0.0	0.0	0.0	0.0	0.0	0.0	0.0	0.0	0.0	0.0	0.0	0.0	0.0	0.0	0.0	0.0	0.0	0.0	0.0	0.0	0.0	0.0	41.02	0.41	169	61.36	9.2	11.8	10.8	10.44	12.0	7.21	12.0	4.5955609068351	28.94	2.8	5.535368238213399	270	51	1928	1970	22	403	599	18.3	0.05	1.5	169	168	167	412	411	410	125	240	0.5208	172	44	0.2558	36	13	0.3611	1	0.1165	48	1	10	0.02427	1	22	0.0534	0.61
300468373	5	5	5	5	5	5	446	13	34.30769230769231	3.09	0.0748	32.77	0.02914798206278027	74	0.2982062780269058	0.01939623742161295	0.05605381165919283	0.003924646781789639	0.033632286995515695	0.002551020408163265	0.002242152466367713	0.00020554984583761563	0.0	0.0	0.0	0.0	0.0	0.0	0.0	0.0	0.0	0.0	0.0	0.0	0.0	0.0	0.0	0.0	0.0	0.0	0.0	0.0	0.0	0.0	0.0	0.0	0.0	0.0	0.0	0.0	0.0	0.0	0.0	0.0	0.0	0.0	0.0	0.0	0.0	0.0	0.0	0.0	0.0	0.0	0.0	0.0	0.0	0.0	0.0	0.0	0.0	0.0	43.94	0.44	185	30.64	16.9	17.4	19.6	13.7	22.666666666666668	8.38	17.0	6.87364782205746	32.45	4.2	9.917598702502316	259	81	2174	2209	13	415	698	31.9	0.03	1.7	185	184	183	421	420	419	138	223	0.6188	198	47	0.2374	43	17	0.3953	1	0.13064	55	2	9	0.02138	2	12	0.0285	0.28
300470595	4	4	4	4	4	4	444	20	22.2	4.77	0.028	36.97	0.02702702702702703	30	0.24549549549549549	0.015896164503427155	0.02702702702702703	0.0018838304552590266	0.013513513513513514	0.0010204081632653062	0.0	0.0	0.0	0.0	0.0	0.0	0.0	0.0	0.0	0.0	0.0	0.0	0.0	0.0	0.0	0.0	0.0	0.0	0.0	0.0	0.0	0.0	0.0	0.0	0.0	0.0	0.0	0.0	0.0	0.0	0.0	0.0	0.0	0.0	0.0	0.0	0.0	0.0	0.0	0.0	0.0	0.0	0.0	0.0	0.0	0.0	0.0	0.0	0.0	0.0	0.0	0.0	32.46	0.32	136	66.37	9.4	11.3	11.6	9.57	8.833333333333334	6.13	10.0	4.528592073403848	28.6	2.6	4.606784987893462	287	39	1913	1947	19	413	587	21.7	0.05	1.4	136	135	134	419	418	417	88	235	0.3745	184	48	0.2609	42	8	0.1905	1	0.06921	29	2	6	0.01432	2	18	0.04296	0.43
300475607	4	4	4	4	4	4	374	18	20.77777777777778	5.26	0.0467	36.13	0.0213903743315508	39	0.2700534759358289	0.014729473530698556	0.05080213903743316	0.0029827315541601255	0.026737967914438502	0.0017006802721088435	0.0	0.0	0.0	0.0	0.0	0.0	0.00267379679144385	0.0002718129926610492	0.0	0.0	0.0	0.0	0.0	0.0	0.0	0.0	0.0	0.0	0.0	0.0	0.0	0.0	0.0	0.0	0.0	0.0	0.0	0.0	0.0	0.0	0.0	0.0	0.0	0.0	0.0	0.0	0.0	0.0	0.0	0.0	0.0	0.0	0.0	0.0	0.0	0.0	0.0	0.0	0.0	0.0	0.0	0.0	41.23	0.41	141	68.2	8.7	11.4	10.3	8.88	10.166666666666666	6.95	9.0	4.640086413326392	23.02	2.6	4.743412493492972	238	36	1529	1567	17	339	486	19.9	0.05	1.4	141	140	139	342	341	340	92	176	0.5227	166	49	0.2952	36	13	0.3611	1	0.09649	33	3	6	0.01754	3	19	0.05556	0.53
300475609	4	4	5	5	4	4	424	19	22.31578947368421	4.85	0.0467	37.82	0.01650943396226415	35	0.25943396226415094	0.01604200087501823	0.02358490566037736	0.0015698587127158557	0.01650943396226415	0.0011904761904761906	0.0	0.0	0.0	0.0	0.0	0.0	0.0	0.0	0.0	0.0	0.0	0.0	0.0	0.0	0.0	0.0	0.0	0.0	0.0	0.0	0.0	0.0	0.0	0.0	0.0	0.0	0.0	0.0	0.0	0.0	0.0	0.0	0.0	0.0	0.0	0.0	0.0	0.0	0.0	0.0	0.0	0.0	0.0	0.0	0.0	0.0	0.0	0.0	0.0	0.0	0.0	0.0	33.67	0.34	132	59.23	10.1	11.5	11.9	10.56	12.2	6.32	12.0	4.4941416169289194	27.93	3.0	5.476951546391753	255	41	1864	1901	19	388	590	20.4	0.05	1.5	132	131	130	392	391	390	87	219	0.3973	173	45	0.2601	46	15	0.3261	1	0.07398	29	2	8	0.02041	2	16	0.04082	0.35
300476894	4	4	4	4	4	4	396	15	26.4	4.09	0.0654	43.7	0.025252525252525252	48	0.255050505050505	0.014729473530698556	0.05808080808080808	0.003610675039246468	0.03282828282828283	0.002210884353741497	0.0	0.0	0.0	0.0	0.0025252525252525255	0.00024378352023403217	0.0025252525252525255	0.0002718129926610492	0.0	0.0	0.0	0.0	0.0	0.0	0.0	0.0	0.0	0.0	0.0	0.0	0.0	0.0	0.0	0.0	0.0	0.0	0.0	0.0	0.0	0.0	0.0	0.0	0.0	0.0	0.0	0.0	0.0	0.0	0.0	0.0	0.0	0.0	0.0	0.0	0.0	0.0	0.0	0.0	0.0	0.0	0.0	0.0	40.05	0.4	147	46.81	12.8	14.1	15.0	12.42	13.6	7.23	13.0	5.394665934065934	27.62	3.4	7.0240350183150175	231	55	1846	1880	15	364	572	24.3	0.04	1.6	147	146	145	367	366	365	98	209	0.4689	158	49	0.3101	61	17	0.2787	1	0.09264	34	4	9	0.02452	4	11	0.02997	0.18
300479587	4	4	4	4	4	4	433	20	21.65	4.93	0.0467	42.86	0.023094688221709007	41	0.19399538106235567	0.012250255213650285	0.04849884526558892	0.0032967032967032967	0.02771362586605081	0.0020408163265306124	0.0023094688221709007	0.00020554984583761563	0.0	0.0	0.0	0.0	0.0023094688221709007	0.0002718129926610492	0.0	0.0	0.0	0.0	0.0	0.0	0.0	0.0	0.0	0.0	0.0	0.0	0.0	0.0	0.0	0.0	0.0	0.0	0.0	0.0	0.0	0.0	0.0	0.0	0.0	0.0	0.0	0.0	0.0	0.0	0.0	0.0	0.0	0.0	0.0	0.0	0.0	0.0	0.0	0.0	0.0	0.0	0.0	0.0	32.27	0.32	131	50.06	11.5	13.4	12.9	11.49	11.333333333333334	6.69	12.0	4.694143850899067	29.73	3.4	6.574273815461346	257	61	1988	2024	19	401	633	21.1	0.05	1.6	131	130	129	406	405	404	89	216	0.412	190	42	0.2211	51	11	0.2157	1	0.06897	28	1	8	0.0197	1	27	0.0665	0.53
300485726	4	4	4	4	4	4	286	7	40.857142857142854	2.47	0.0467	30.25	0.04195804195804196	40	0.3006993006993007	0.012541927956832434	0.04195804195804196	0.0018838304552590266	0.027972027972027972	0.0013605442176870747	0.0	0.0	0.0034965034965034965	0.00023282887077997672	0.0	0.0	0.0	0.0	0.0	0.0	0.0	0.0	0.0	0.0	0.0	0.0	0.0	0.0	0.0	0.0	0.0	0.0	0.0	0.0	0.0	0.0	0.0	0.0	0.0	0.0	0.0	0.0	0.0	0.0	0.0	0.0	0.0	0.0	0.0	0.0	0.0	0.0	0.0	0.0	0.0	0.0	0.0	0.0	0.0	0.0	0.0	0.0	42.76	0.43	121	31.79	18.5	17.3	22.7	13.18	13.2	8.05	18.0	7.6136173096976005	20.99	3.7	10.31045213764338	171	43	1412	1429	7	274	427	39.1	0.03	1.6	121	120	119	283	282	281	81	154	0.526	129	40	0.3101	49	16	0.3265	1	0.11307	32	1	8	0.02827	1	7	0.02473	0.14
300485728	5	5	4	5	5	5	416	13	32.0	3.31	0.0467	40.34	0.02403846153846154	54	0.25	0.015166982645471781	0.05048076923076923	0.0032967032967032967	0.036057692307692304	0.002551020408163265	0.0	0.0	0.004807692307692308	0.00046565774155995343	0.0	0.0	0.0	0.0	0.0	0.0	0.0	0.0	0.0	0.0	0.0	0.0	0.0	0.0	0.0	0.0	0.0	0.0	0.0	0.0	0.0	0.0	0.0	0.0	0.0	0.0	0.0	0.0	0.0	0.0	0.0	0.0	0.002403846153846154	0.000649772579597141	0.0	0.0	0.0	0.0	0.0	0.0	0.0	0.0	0.0	0.0	0.0	0.0	0.0	0.0	39.44	0.39	155	41.43	14.8	15.6	17.4	12.31	11.333333333333334	7.73	15.0	6.221002997002996	28.79	3.6	8.405133866133866	242	62	1925	1960	13	385	603	29.6	0.03	1.6	155	154	153	393	392	391	107	205	0.522	188	48	0.2553	48	17	0.3542	1	0.07888	31	2	7	0.01781	2	12	0.03053	0.25
300055462	3	3	3	2	4	3	230	7	32.857142857142854	3.37	0.0093	14.29	0.0391304347826087	41	0.3347826086956522	0.011229400612512761	0.0782608695652174	0.00282574568288854	0.0391304347826087	0.001530612244897959	0.0	0.0	0.004347826086956522	0.00023282887077997672	0.0	0.0	0.0	0.0	0.008695652173913044	0.000584966364434045	0.0	0.0	0.0	0.0	0.0	0.0	0.0	0.0	0.0	0.0	0.0	0.0	0.0	0.0	0.0	0.0	0.0	0.0	0.0	0.0	0.0	0.0	0.0	0.0	0.0	0.0	0.0	0.0	0.0	0.0	0.0	0.0	0.0	0.0	0.0	0.0	0.0	0.0	0.004347826086956522	0.00016545334215751158	0.0	0.0	56.73	0.57	118	41.94	14.6	15.0	17.4	12.37	23.0	8.72	15.0	6.676574229691877	15.45	3.6	8.272832773109243	125	30	1022	1052	7	204	322	29.1	0.03	1.6	118	117	116	208	207	206	82	116	0.7069	92	36	0.3913	11	8	0.7273	1	0.09135	19	1	12	0.05769	1	5	0.02404	0.45
300400011	3	3	3	3	4	3	357	17	21.0	5.18	0.028	35.29	0.0392156862745098	63	0.28851540616246496	0.015021146273880705	0.08403361344537816	0.004709576138147566	0.058823529411764705	0.0035714285714285713	0.0028011204481792717	0.00020554984583761563	0.0028011204481792717	0.00023282887077997672	0.0	0.0	0.0	0.0	0.0	0.0	0.0	0.0	0.0	0.0	0.0	0.0	0.0	0.0	0.0	0.0	0.0	0.0	0.0	0.0	0.0	0.0	0.0	0.0	0.0	0.0	0.0	0.0	0.0	0.0	0.0	0.0	0.0	0.0	0.0	0.0	0.0	0.0	0.0	0.0	0.0	0.0	0.0	0.0	0.0	0.0	0.0	0.0	50.61	0.51	166	43.83	11.8	13.7	14.1	14.04	13.6	8.07	14.0	5.1892622319956025	26.06	3.6	7.954683928898662	183	58	1733	1774	17	321	530	18.9	0.05	1.7	166	165	164	328	327	326	122	204	0.598	124	44	0.3548	46	22	0.4783	1	0.05793	19	2	7	0.02134	2	9	0.02744	0.2
300435089	4	4	3	4	4	4	338	13	26.0	4.1	0.028	33.61	0.03550295857988166	63	0.3136094674556213	0.01545865538865393	0.08284023668639054	0.004395604395604396	0.0621301775147929	0.0035714285714285713	0.0029585798816568047	0.00020554984583761563	0.0	0.0	0.0	0.0	0.0	0.0	0.0	0.0	0.0	0.0	0.0	0.0	0.0	0.0	0.0	0.0	0.0	0.0	0.0	0.0	0.0	0.0	0.0029585798816568047	0.00047938638542665386	0.0	0.0	0.0	0.0	0.0	0.0	0.0	0.0	0.0	0.0	0.0	0.0	0.0	0.0	0.0	0.0	0.0	0.0	0.0	0.0	0.0	0.0	0.0	0.0	0.0	0.0	52.37	0.52	166	47.42	12.5	14.8	15.1	12.77	23.333333333333332	8.4	13.0	5.938706293706293	23.71	3.8	8.483042157842158	192	54	1580	1614	13	308	505	23.7	0.04	1.6	166	165	164	317	316	315	117	171	0.6842	146	49	0.3356	32	16	0.5	1	0.11356	36	1	6	0.01893	1	13	0.04101	0.41
300438545	4	3	4	4	4	3	329	11	29.90909090909091	3.45	0.0187	30.25	0.0425531914893617	39	0.2674772036474164	0.012833600700014583	0.05167173252279635	0.0026687598116169543	0.03343465045592705	0.0018707482993197278	0.0	0.0	0.0	0.0	0.0	0.0	0.0	0.0	0.0	0.0	0.0	0.0	0.0	0.0	0.0	0.0	0.0	0.0	0.0	0.0	0.0	0.0	0.0	0.0	0.0	0.0	0.0	0.0	0.0	0.0	0.0	0.0	0.0	0.0	0.0	0.0	0.0	0.0	0.0	0.0	0.0	0.0	0.0	0.0	0.0	0.0	0.0	0.0	0.0	0.0	0.0	0.0	39.81	0.4	127	42.95	14.2	14.6	16.4	11.84	12.4	7.18	15.0	5.885255075022064	22.9	3.6	7.504291909385113	194	44	1535	1559	11	309	489	28.1	0.04	1.6	127	126	125	319	318	317	84	176	0.4773	143	43	0.3007	38	14	0.3684	1	0.0627	20	3	11	0.03448	3	15	0.04702	0.39
300446586	4	4	4	4	4	4	331	14	23.642857142857142	4.52	0.0467	30.25	0.030211480362537766	63	0.256797583081571	0.012396091585241359	0.06948640483383686	0.003610675039246468	0.06948640483383686	0.0039115646258503405	0.00906344410876133	0.0006166495375128469	0.0	0.0	0.006042296072507553	0.00048756704046806434	0.0	0.0	0.0	0.0	0.0	0.0	0.0	0.0	0.0	0.0	0.0	0.0	0.0	0.0	0.0	0.0	0.0	0.0	0.0	0.0	0.0	0.0	0.0	0.0	0.0	0.0	0.0	0.0	0.0	0.0	0.0	0.0	0.0	0.0	0.0	0.0	0.0	0.0	0.0	0.0	0.0	0.0	0.0	0.0	0.0	0.0	49.03	0.49	152	40.89	13.0	15.4	14.6	13.11	14.6	8.7	13.0	5.687179156908664	23.93	3.8	9.213964871194381	180	65	1599	1629	14	305	510	21.8	0.05	1.7	152	151	150	310	309	308	108	175	0.6171	135	44	0.3259	48	31	0.6458	1	0.11935	37	2	5	0.01613	2	9	0.02903	0.19
300446933	3	2	3	3	3	3	408	15	27.2	3.99	0.0374	38.66	0.024509803921568627	43	0.29901960784313725	0.017792037334111128	0.041666666666666664	0.0026687598116169543	0.031862745098039214	0.002210884353741497	0.007352941176470588	0.0006166495375128469	0.0	0.0	0.0	0.0	0.0	0.0	0.0	0.0	0.0	0.0	0.0	0.0	0.0	0.0	0.0	0.0	0.0	0.0	0.0	0.0	0.0	0.0	0.0	0.0	0.0	0.0	0.0	0.0	0.0	0.0	0.0	0.0	0.0	0.0	0.0	0.0	0.0	0.0	0.0	0.0	0.0	0.0	0.0	0.0	0.0	0.0	0.0	0.0	0.0	0.0	43.88	0.44	165	63.22	10.6	12.7	12.5	8.94	16.25	7.24	13.0	5.329886021505375	25.03	2.8	5.584973978494624	263	42	1664	1704	15	372	533	24.8	0.04	1.4	165	164	163	376	375	374	123	213	0.5775	163	42	0.2577	32	16	0.5	1	0.10904	41	1	6	0.01596	1	11	0.02926	0.34
300446950	3	3	3	4	3	3	415	10	41.5	2.6	0.028	31.93	0.04819277108433735	36	0.236144578313253	0.014291964415925331	0.03855421686746988	0.002511773940345369	0.01927710843373494	0.0013605442176870747	0.0024096385542168677	0.00020554984583761563	0.0	0.0	0.0	0.0	0.0	0.0	0.0	0.0	0.0	0.0	0.0	0.0	0.0	0.0	0.0	0.0	0.0	0.0	0.0	0.0	0.0	0.0	0.0	0.0	0.0	0.0	0.0	0.0	0.0	0.0	0.0	0.0	0.0	0.0	0.0	0.0	0.0	0.0	0.0	0.0	0.0	0.0	0.0	0.0	0.0	0.0	0.0	0.0	0.0	0.0	34.9	0.35	134	33.41	17.9	17.2	21.2	12.02	23.0	7.14	18.0	6.9521	27.88	3.8	10.012520000000002	236	61	1855	1898	10	375	593	37.5	0.03	1.6	134	133	132	384	383	382	83	197	0.4213	187	51	0.2727	45	12	0.2667	1	0.09896	38	3	13	0.03385	3	19	0.04948	0.42
300453068	5	4	5	5	5	4	386	12	32.166666666666664	3.37	0.0467	36.13	0.031088082901554404	56	0.24870466321243523	0.014000291672743182	0.06217616580310881	0.0037676609105180532	0.038860103626943004	0.002551020408163265	0.007772020725388601	0.0006166495375128469	0.0	0.0	0.0025906735751295338	0.00024378352023403217	0.0	0.0	0.0	0.0	0.0	0.0	0.0	0.0	0.0	0.0	0.0	0.0	0.0	0.0	0.0	0.0	0.0	0.0	0.0	0.0	0.0	0.0	0.0	0.0	0.0	0.0	0.0	0.0	0.0	0.0	0.0	0.0	0.0	0.0	0.0	0.0	0.0	0.0	0.0	0.0	0.0	0.0	0.0	0.0	0.0	0.0	41.57	0.42	148	33.28	15.9	17.3	18.5	13.82	17.0	8.1	16.0	6.335329772079772	27.71	4.2	10.332836467236469	208	74	1847	1886	12	351	595	29.3	0.03	1.7	148	147	146	356	355	354	105	198	0.5303	158	43	0.2722	42	18	0.4286	1	0.06742	24	2	6	0.01685	2	19	0.05337	0.45
300455780	4	4	4	5	5	4	393	16	24.5625	4.38	0.0654	35.29	0.03816793893129771	63	0.1984732824427481	0.011375236984103835	0.07124681933842239	0.004395604395604396	0.06870229007633588	0.004591836734693878	0.002544529262086514	0.00020554984583761563	0.0	0.0	0.002544529262086514	0.00024378352023403217	0.0	0.0	0.0	0.0	0.0	0.0	0.0	0.0	0.0	0.0	0.0	0.0	0.0	0.0	0.0	0.0	0.0	0.0	0.0	0.0	0.0	0.0	0.0	0.0	0.0	0.0	0.0	0.0	0.0	0.0	0.0	0.0	0.0	0.0	0.0	0.0	0.0	0.0	0.0	0.0	0.0	0.0	0.0	0.0	0.0	0.0	39.45	0.39	144	40.08	13.3	15.4	14.8	13.12	17.25	7.91	13.0	5.521143524930748	28.07	4.0	8.563267174515238	213	74	1875	1911	16	361	610	22.6	0.04	1.7	144	143	142	365	364	363	108	216	0.5	149	36	0.2416	44	11	0.25	1	0.07671	28	1	12	0.03288	1	9	0.02466	0.2
300458321	4	4	4	4	4	4	357	13	27.46153846153846	3.89	0.0374	37.82	0.03361344537815126	36	0.24369747899159663	0.01268776432842351	0.04481792717086835	0.002511773940345369	0.03081232492997199	0.0018707482993197278	0.0	0.0	0.0	0.0	0.0	0.0	0.0	0.0	0.0	0.0	0.0	0.0	0.0	0.0	0.0	0.0	0.0	0.0	0.0	0.0	0.0	0.0	0.0	0.0	0.0	0.0	0.0	0.0	0.0	0.0	0.0	0.0	0.0	0.0	0.0	0.0	0.0	0.0	0.0	0.0	0.0	0.0	0.0	0.0	0.0	0.0	0.0	0.0	0.0	0.0	0.0	0.0	36.83	0.37	123	43.77	13.9	13.7	16.4	12.31	12.2	6.92	14.0	5.636902439024389	24.78	3.5	7.164767479674795	200	41	1655	1687	12	328	511	27.3	0.04	1.6	123	122	121	334	333	332	77	175	0.44	159	46	0.2893	42	11	0.2619	1	0.0988	33	2	7	0.02096	2	15	0.04491	0.36
300465369	4	4	4	4	4	3	299	11	27.181818181818183	3.93	0.0654	28.57	0.033444816053511704	24	0.27759197324414714	0.01210441884205921	0.026755852842809364	0.0012558869701726845	0.033444816053511704	0.0017006802721088435	0.0	0.0	0.0	0.0	0.0	0.0	0.0	0.0	0.0	0.0	0.0	0.0	0.0	0.0	0.0	0.0	0.0	0.0	0.0	0.0	0.0	0.0	0.0	0.0	0.0	0.0	0.0	0.0	0.0	0.0	0.0	0.0	0.0	0.0	0.0	0.0	0.0	0.0	0.0	0.0	0.0	0.0	0.0	0.0	0.0	0.0	0.0	0.0	0.0	0.0	0.0	0.0	38.57	0.39	108	37.54	14.3	15.8	16.2	13.29	16.5	6.54	12.0	5.124644268774704	21.58	3.9	8.593098550724637	168	54	1442	1469	11	276	456	25.1	0.04	1.7	108	107	106	280	279	278	74	174	0.4253	106	34	0.3208	33	6	0.1818	1	0.05357	15	1	6	0.02143	1	3	0.01071	0.09
300474288	3	3	3	3	3	3	348	3	116.0	0.87	0.0561	29.41	0.09482758620689655	35	0.32471264367816094	0.016479509989791453	0.017241379310344827	0.0009419152276295133	0.017241379310344827	0.0010204081632653062	0.0028735632183908046	0.00020554984583761563	0.0	0.0	0.0	0.0	0.0	0.0	0.0	0.0	0.0	0.0	0.0	0.0	0.0	0.0	0.0	0.0	0.0	0.0	0.0	0.0	0.0	0.0	0.0	0.0	0.0	0.0	0.0028735632183908046	0.000517063081695967	0.0	0.0	0.0	0.0	0.0	0.0	0.0	0.0	0.0	0.0	0.0	0.0	0.0	0.0	0.0	0.0	0.0	0.0	0.0028735632183908046	0.00016545334215751158	0.0	0.0	43.35	0.43	150	-76.72	66.4	0.0	84.8	9.37	27.5	14.38	0.0	25.830116959064323	22.17	3.1	27.94584912280701	255	19	1500	1509	2	342	461	171.0	0.01	1.3	150	149	148	346	345	344	98	175	0.56	171	52	0.3041	29	11	0.3793	1	0.06069	21	2	7	0.02023	2	22	0.06358	0.76
300476203	3	2	4	3	3	3	369	18	20.5	5.49	0.0467	29.41	0.02981029810298103	45	0.21951219512195122	0.01181274609887706	0.05420054200542006	0.0031397174254317113	0.005420054200542005	0.0003401360544217687	0.005420054200542005	0.00041109969167523125	0.0	0.0	0.0027100271002710027	0.00024378352023403217	0.0	0.0	0.0	0.0	0.0	0.0	0.0	0.0	0.0	0.0	0.0	0.0	0.0	0.0	0.0	0.0	0.0	0.0	0.0	0.0	0.0	0.0	0.0	0.0	0.0	0.0	0.0	0.0	0.0	0.0	0.0	0.0	0.0	0.0	0.0	0.0	0.0	0.0	0.0027100271002710027	4.462492748449284e-05	0.0	0.0	0.0027100271002710027	0.00016545334215751158	0.0	0.0	36.89	0.37	121	61.77	9.1	10.7	12.1	11.77	11.6	7.12	12.0	4.5631966873706	24.66	3.0	5.503134023464457	189	32	1628	1679	18	322	498	17.9	0.06	1.5	121	120	119	328	327	326	89	229	0.3886	99	32	0.3232	57	9	0.1579	1	0.02744	9	1	2	0.0061	1	4	0.0122	0.07
300478184	3	3	4	4	3	3	363	14	25.928571428571427	4.08	0.0374	40.34	0.0440771349862259	53	0.31129476584022037	0.016479509989791453	0.05785123966942149	0.0032967032967032967	0.03856749311294766	0.002380952380952381	0.0	0.0	0.0027548209366391185	0.00023282887077997672	0.0	0.0	0.0	0.0	0.0	0.0	0.0	0.0	0.0	0.0	0.0	0.0	0.0	0.0	0.0	0.0	0.0	0.0	0.0	0.0	0.0	0.0	0.0	0.0	0.0	0.0	0.0	0.0	0.0	0.0	0.0	0.0	0.0	0.0	0.0	0.0	0.0	0.0	0.0	0.0	0.0	0.0	0.0	0.0	0.005509641873278237	0.00033090668431502316	0.0	0.0	48.1	0.48	165	64.24	10.2	12.0	14.6	12.13	14.75	8.33	12.0	5.561554483054483	25.08	2.8	5.866926383526383	229	34	1673	1707	14	333	482	23.8	0.04	1.4	165	164	163	343	342	341	122	209	0.5837	134	43	0.3209	45	27	0.6	1	0.06414	22	2	11	0.03207	2	15	0.04373	0.33
300478187	3	3	3	4	3	3	457	21	21.761904761904763	4.98	0.0561	39.5	0.02188183807439825	34	0.23851203501094093	0.015896164503427155	0.037199124726477024	0.0026687598116169543	0.0175054704595186	0.0013605442176870747	0.0	0.0	0.0	0.0	0.0	0.0	0.0	0.0	0.0	0.0	0.0	0.0	0.0	0.0	0.0	0.0	0.0	0.0	0.0	0.0	0.0	0.0	0.0	0.0	0.0	0.0	0.0	0.0	0.0	0.0	0.0	0.0	0.0	0.0	0.0	0.0	0.0	0.0	0.0	0.0	0.0	0.0	0.0	0.0	0.0	0.0	0.0	0.0	0.0	0.0	0.0	0.0	34.36	0.34	145	68.3	8.7	10.7	10.9	9.75	7.142857142857142	6.48	11.0	4.3350274725274724	29.1	2.4	4.084123534798536	295	37	1938	1981	21	416	583	19.8	0.05	1.4	145	144	143	422	421	420	97	243	0.3992	179	48	0.2682	68	22	0.3235	1	0.03791	16	2	12	0.02844	2	32	0.07583	0.47
300485722	3	3	3	3	4	3	470	20	23.5	4.43	0.0467	32.77	0.05531914893617021	65	0.23404255319148937	0.01604200087501823	0.059574468085106386	0.004395604395604396	0.029787234042553193	0.002380952380952381	0.0	0.0	0.0	0.0	0.0	0.0	0.0	0.0	0.0	0.0	0.0	0.0	0.0	0.0	0.0	0.0	0.0	0.0	0.0	0.0	0.0	0.0	0.0	0.0	0.0	0.0	0.0	0.0	0.0	0.0	0.0	0.0	0.0	0.0	0.0	0.0	0.0	0.0	0.0	0.0	0.0	0.0	0.0	0.0	0.002127659574468085	4.462492748449284e-05	0.0	0.0	0.00425531914893617	0.00033090668431502316	0.0	0.0	37.69	0.38	170	57.2	10.8	11.5	13.1	11.09	8.5	7.89	12.0	5.240909284116331	32.58	2.9	5.735298076062639	294	43	2162	2218	20	447	662	22.4	0.04	1.5	170	169	168	451	450	449	129	255	0.5059	196	41	0.2092	76	34	0.4474	1	0.09313	42	2	8	0.01774	2	19	0.04213	0.25
300446938	4	4	4	4	4	4	569	28	20.321428571428573	5.36	0.0374	38.66	0.03163444639718805	54	0.19332161687170474	0.01604200087501823	0.043936731107205626	0.003924646781789639	0.02460456942003515	0.002380952380952381	0.0017574692442882249	0.00020554984583761563	0.0	0.0	0.0	0.0	0.0	0.0	0.0	0.0	0.0	0.0	0.0	0.0	0.0	0.0	0.0	0.0	0.0	0.0	0.0	0.0	0.0	0.0	0.0	0.0	0.0	0.0	0.0	0.0	0.0	0.0	0.0	0.0	0.0	0.0	0.0	0.0	0.0	0.0	0.0	0.0	0.0	0.0	0.0	0.0	0.0	0.0	0.0	0.0	0.0	0.0	31.03	0.31	162	47.72	12.4	15.3	14.4	12.19	33.5	6.73	12.0	5.041429390997353	38.83	3.6	8.20857281553398	317	100	2588	2643	22	515	833	23.4	0.04	1.6	162	161	160	522	521	520	117	293	0.3993	229	45	0.1965	68	18	0.2647	1	0.10728	56	2	6	0.01149	2	16	0.03065	0.24
300451427	5	4	5	5	4	5	315	11	28.636363636363637	3.68	0.0374	31.93	0.03492063492063492	42	0.23492063492063492	0.010791891497739537	0.05396825396825397	0.0026687598116169543	0.06666666666666667	0.0035714285714285713	0.0	0.0	0.0	0.0	0.0	0.0	0.0	0.0	0.0	0.0	0.0	0.0	0.0031746031746031746	0.00033534540576794097	0.0	0.0	0.0	0.0	0.0	0.0	0.0	0.0	0.0	0.0	0.0	0.0	0.0	0.0	0.0	0.0	0.0	0.0	0.0	0.0	0.0	0.0	0.0	0.0	0.0	0.0	0.0	0.0	0.0	0.0	0.0	0.0	0.0	0.0	0.0	0.0	0.0	0.0	40.47	0.4	121	35.91	14.9	16.2	17.0	13.35	14.8	7.65	15.0	5.836116883116883	22.96	4.1	9.302779591836737	175	58	1538	1563	11	294	498	26.7	0.04	1.7	121	120	119	299	298	297	79	165	0.4788	134	42	0.3134	41	15	0.3659	1	0.09365	28	1	3	0.01003	1	7	0.02341	0.17
300457114	4	4	4	4	4	4	407	13	31.307692307692307	3.44	0.0654	36.13	0.02702702702702703	61	0.23587223587223588	0.014000291672743182	0.085995085995086	0.005494505494505495	0.03194103194103194	0.002210884353741497	0.002457002457002457	0.00020554984583761563	0.0	0.0	0.007371007371007371	0.0007313505607020966	0.0	0.0	0.0	0.0	0.0	0.0	0.0	0.0	0.0	0.0	0.0	0.0	0.0	0.0	0.0	0.0	0.0	0.0	0.0	0.0	0.0	0.0	0.0	0.0	0.0	0.0	0.0	0.0	0.0	0.0	0.0	0.0	0.0	0.0	0.0	0.0	0.0	0.0	0.0	0.0	0.0	0.0	0.002457002457002457	0.00016545334215751158	0.0	0.0	41.53	0.42	157	34.09	15.6	16.0	18.2	13.58	21.666666666666668	8.2	16.0	6.276939249429816	29.31	4.0	9.84884101181837	215	66	1957	1995	13	371	613	28.5	0.04	1.7	157	156	155	378	377	376	115	214	0.5374	164	42	0.2561	48	18	0.375	1	0.06349	24	1	8	0.02116	1	11	0.0291	0.23
300457871	5	5	5	5	5	5	536	24	22.333333333333332	4.82	0.0467	36.13	0.016791044776119403	96	0.19029850746268656	0.014875309902289632	0.061567164179104475	0.005180533751962323	0.05783582089552239	0.005272108843537415	0.013059701492537313	0.0014388489208633094	0.0037313432835820895	0.00046565774155995343	0.0018656716417910447	0.00024378352023403217	0.0037313432835820895	0.0005436259853220984	0.0018656716417910447	0.0002924831822170225	0.0	0.0	0.0	0.0	0.0	0.0	0.0	0.0	0.0	0.0	0.0	0.0	0.0	0.0	0.0	0.0	0.0	0.0	0.0	0.0	0.0	0.0	0.0	0.0	0.0	0.0	0.0	0.0	0.0	0.0	0.0	0.0	0.0	0.0	0.0	0.0	0.0	0.0	0.0	0.0	0.0	0.0	39.16	0.39	195	41.6	12.7	14.1	14.1	12.82	16.75	8.29	13.0	5.517156736446591	37.8	3.9	8.014510753265345	282	85	2521	2573	23	486	822	21.1	0.05	1.7	195	194	193	498	497	496	156	288	0.5417	210	39	0.1857	54	29	0.537	1	0.07229	36	1	12	0.0241	1	9	0.01807	0.17
300469240	2	2	3	3	3	3	236	11	21.454545454545453	4.98	0.0561	26.05	0.0423728813559322	39	0.3432203389830508	0.01181274609887706	0.059322033898305086	0.002197802197802198	0.025423728813559324	0.0010204081632653062	0.012711864406779662	0.0006166495375128469	0.00423728813559322	0.00023282887077997672	0.00423728813559322	0.00024378352023403217	0.0	0.0	0.0	0.0	0.0	0.0	0.0	0.0	0.0	0.0	0.00423728813559322	0.00036310820624546115	0.0	0.0	0.0	0.0	0.0	0.0	0.0	0.0	0.0	0.0	0.0	0.0	0.0	0.0	0.0	0.0	0.0	0.0	0.0	0.0	0.0	0.0	0.0	0.0	0.0	0.0	0.0	0.0	0.0	0.0	0.0	0.0	0.0	0.0	52.94	0.53	117	49.35	11.8	13.7	13.5	11.84	10.833333333333334	7.9	12.0	5.451332110091743	16.35	3.5	7.63055633027523	131	34	1095	1113	10	218	351	21.8	0.05	1.6	117	116	115	221	220	219	82	145	0.5655	76	35	0.4605	25	11	0.44	1	0.06787	15	2	6	0.02715	2	4	0.0181	0.16
300470958	4	4	3	4	4	4	396	15	26.4	4.11	0.0935	42.86	0.030303030303030304	72	0.27525252525252525	0.015896164503427155	0.08585858585858586	0.005337519623233909	0.04040404040404041	0.0027210884353741495	0.0025252525252525255	0.00020554984583761563	0.0025252525252525255	0.00023282887077997672	0.005050505050505051	0.00048756704046806434	0.0	0.0	0.0	0.0	0.0	0.0	0.0	0.0	0.0	0.0	0.0	0.0	0.0	0.0	0.0	0.0	0.0	0.0	0.0	0.0	0.0	0.0	0.0	0.0	0.0	0.0	0.0	0.0	0.0	0.0	0.0	0.0	0.0	0.0	0.0	0.0	0.0	0.0	0.0025252525252525255	4.462492748449284e-05	0.0	0.0	0.0	0.0	0.0	0.0	50.96	0.51	186	47.42	12.5	14.3	15.8	13.58	16.0	8.77	14.0	5.920225352112675	28.18	3.7	8.236939906103286	210	57	1871	1918	15	355	577	23.7	0.04	1.6	186	185	184	365	364	363	140	208	0.6731	157	46	0.293	48	29	0.6042	1	0.10685	39	2	15	0.0411	2	11	0.03014	0.23
300471151	4	3	4	4	4	4	414	19	21.789473684210527	5.0	0.0561	36.13	0.01932367149758454	56	0.23429951690821257	0.014146128044334258	0.0748792270531401	0.004866562009419153	0.033816425120772944	0.002380952380952381	0.004830917874396135	0.00041109969167523125	0.0	0.0	0.0	0.0	0.0	0.0	0.0	0.0	0.0	0.0	0.0	0.0	0.0	0.0	0.0	0.0	0.0	0.0	0.0	0.0	0.0	0.0	0.0	0.0	0.0	0.0	0.0	0.0	0.0	0.0	0.0	0.0	0.0	0.0	0.0	0.0	0.0	0.0	0.0	0.0	0.0	0.0	0.0	0.0	0.0	0.0	0.0	0.0	0.0	0.0	40.26	0.4	153	50.36	11.4	13.4	13.6	12.36	11.5	7.41	12.0	5.056367201426024	28.76	3.5	7.248563161021984	216	58	1913	1958	18	374	601	20.8	0.05	1.6	153	152	151	380	379	378	108	228	0.4737	152	45	0.2961	47	17	0.3617	1	0.08421	32	2	3	0.00789	2	6	0.01579	0.13
300471155	4	3	4	4	4	4	320	12	26.666666666666668	4.07	0.0187	32.77	0.028125	52	0.2625	0.012250255213650285	0.046875	0.002354788069073783	0.053125	0.002891156462585034	0.003125	0.00020554984583761563	0.003125	0.00023282887077997672	0.0	0.0	0.0	0.0	0.0	0.0	0.0	0.0	0.0	0.0	0.0	0.0	0.0	0.0	0.0	0.0	0.0	0.0	0.0	0.0	0.0	0.0	0.0	0.0	0.0	0.0	0.0	0.0	0.0	0.0	0.0	0.0	0.0	0.0	0.0	0.0	0.0	0.0	0.0	0.0	0.0	0.0	0.0	0.0	0.0	0.0	0.0	0.0	43.39	0.43	128	46.91	12.7	14.4	15.9	13.41	13.4	8.16	13.0	5.788568965517241	22.83	3.8	8.309252873563219	171	47	1520	1554	12	290	476	24.2	0.04	1.6	128	127	126	295	294	293	90	173	0.5202	122	38	0.3115	44	21	0.4773	1	0.07797	23	1	9	0.03051	1	13	0.04407	0.3
300475608	5	4	4	5	4	4	434	15	28.933333333333334	3.72	0.0654	42.86	0.02534562211981567	75	0.2926267281105991	0.0185212191920665	0.07603686635944701	0.005180533751962323	0.04838709677419355	0.0035714285714285713	0.01152073732718894	0.0010277492291880781	0.004608294930875576	0.00046565774155995343	0.002304147465437788	0.00024378352023403217	0.0	0.0	0.0	0.0	0.0	0.0	0.0	0.0	0.0	0.0	0.0	0.0	0.0	0.0	0.0	0.0	0.0	0.0	0.0	0.0	0.0	0.0	0.0	0.0	0.0	0.0	0.0	0.0	0.0	0.0	0.0	0.0	0.0	0.0	0.0	0.0	0.0	0.0	0.0	0.0	0.0	0.0	0.0	0.0	0.0	0.0	50.12	0.5	202	44.58	13.6	15.1	16.0	12.25	11.0	8.56	14.0	6.200803015075378	30.06	3.7	8.39913715242881	242	66	2006	2046	15	398	638	26.5	0.04	1.6	202	201	200	403	402	401	152	223	0.6816	180	50	0.2778	40	22	0.55	1	0.09926	40	2	11	0.0273	2	16	0.0397	0.4
300478180	3	2	3	3	3	3	315	17	18.529411764705884	6.03	0.0187	32.77	0.022222222222222223	32	0.3523809523809524	0.016187837246609306	0.031746031746031744	0.0015698587127158557	0.025396825396825397	0.0013605442176870747	0.0	0.0	0.006349206349206349	0.00046565774155995343	0.0031746031746031746	0.00024378352023403217	0.0	0.0	0.0	0.0	0.0	0.0	0.0	0.0	0.0	0.0	0.0	0.0	0.0	0.0	0.0	0.0	0.0	0.0	0.0	0.0	0.0	0.0	0.0	0.0	0.0	0.0	0.0	0.0	0.0	0.0	0.0	0.0	0.0	0.0	0.0	0.0	0.0	0.0	0.0	0.0	0.0	0.0	0.0	0.0	0.0	0.0	50.71	0.51	143	71.75	7.3	10.6	9.4	9.39	8.833333333333334	6.95	9.0	4.134692763436309	19.61	2.3	4.73302471434617	197	29	1294	1335	17	278	393	16.4	0.06	1.4	143	142	141	282	281	280	100	173	0.578	109	43	0.3945	37	19	0.5135	1	0.03901	11	2	5	0.01773	2	11	0.03901	0.3
300476975	3	3	3	3	3	3	229	13	17.615384615384617	6.13	0.028	22.69	0.039301310043668124	25	0.27510917030567683	0.009187691410237713	0.034934497816593885	0.0012558869701726845	0.039301310043668124	0.001530612244897959	0.0	0.0	0.0	0.0	0.0	0.0	0.0	0.0	0.0	0.0	0.0	0.0	0.0	0.0	0.0	0.0	0.0	0.0	0.0	0.0	0.0	0.0	0.0	0.0	0.0	0.0	0.0	0.0	0.0	0.0	0.0	0.0	0.0	0.0	0.0	0.0	0.0	0.0	0.0	0.0	0.0	0.0	0.0	0.0	0.0	0.0	0.0	0.0	0.0	0.0	0.0	0.0	42.92	0.43	91	55.64	9.4	11.7	10.4	11.13	13.0	6.74	9.0	4.099882531261841	15.23	3.2	5.905104130352406	123	29	1005	1037	13	203	328	15.6	0.06	1.6	91	90	89	212	211	210	54	126	0.4286	86	37	0.4302	25	10	0.4	1	0.08019	17	3	5	0.02358	3	1	0.00472	0.04
300478707	4	4	4	4	4	3	372	16	23.25	4.69	0.0654	39.5	0.043010752688172046	42	0.30913978494623656	0.016771182732973604	0.03494623655913978	0.0020408163265306124	0.026881720430107527	0.0017006802721088435	0.002688172043010753	0.00020554984583761563	0.0	0.0	0.0	0.0	0.0	0.0	0.0	0.0	0.0	0.0	0.0	0.0	0.0	0.0	0.0	0.0	0.0	0.0	0.0	0.0	0.0	0.0	0.0	0.0	0.0	0.0	0.0	0.0	0.0	0.0	0.0	0.0	0.0	0.0	0.0	0.0	0.0	0.0	0.0	0.0	0.0	0.0	0.0	0.0	0.0	0.0	0.0	0.0	0.002688172043010753	0.0008703220191470844	45.45	0.45	155	58.72	10.3	12.7	11.9	10.27	9.0	7.04	10.0	4.8638121257485025	23.89	3.1	5.844791017964071	222	45	1586	1626	16	334	510	20.9	0.05	1.5	155	154	153	341	340	339	106	190	0.5579	151	49	0.3245	23	9	0.3913	1	0.08798	30	3	8	0.02346	3	22	0.06452	0.96
300479617	4	4	4	3	4	3	723	35	20.65714285714286	5.15	0.0748	52.1	0.042876901798063624	88	0.22130013831258644	0.02333381945457197	0.059474412171507604	0.006750392464678179	0.030428769017980636	0.0037414965986394557	0.005532503457814661	0.0008221993833504625	0.0	0.0	0.0	0.0	0.0	0.0	0.0	0.0	0.0	0.0	0.0	0.0	0.0	0.0	0.0	0.0	0.0	0.0	0.0	0.0	0.0	0.0	0.0	0.0	0.0	0.0	0.0	0.0	0.0	0.0	0.0	0.0	0.0	0.0	0.0	0.0	0.0	0.0	0.0	0.0	0.0	0.0	0.0	0.0	0.0	0.0	0.0013831258644536654	0.00016545334215751158	0.0	0.0	38.38	0.38	261	60.85	9.4	12.6	11.7	11.26	10.166666666666666	7.37	10.0	4.642235248211575	48.65	3.1	6.279783576848039	423	96	3243	3312	35	659	1020	18.8	0.05	1.5	261	260	259	680	679	678	201	375	0.536	305	60	0.1967	60	29	0.4833	1	0.10735	73	2	17	0.025	2	28	0.04118	0.47
300447416	4	4	4	5	5	5	379	14	27.071428571428573	3.93	0.0654	29.41	0.0395778364116095	56	0.2532981530343008	0.014000291672743182	0.07387862796833773	0.004395604395604396	0.052770448548812667	0.003401360544217687	0.002638522427440633	0.00020554984583761563	0.005277044854881266	0.00046565774155995343	0.0	0.0	0.0	0.0	0.0	0.0	0.0	0.0	0.0	0.0	0.0	0.0	0.0	0.0	0.0	0.0	0.0	0.0	0.0	0.0	0.0	0.0	0.0	0.0	0.0	0.0	0.0	0.0	0.0	0.0	0.0	0.0	0.0	0.0	0.0	0.0	0.0	0.0	0.0	0.0	0.0	0.0	0.0	0.0	0.0	0.0	0.0	0.0	44.1	0.44	157	44.17	13.8	15.7	16.6	12.77	13.2	8.17	14.0	6.011153846153846	26.78	3.6	8.926424175824176	222	63	1794	1823	13	350	554	26.9	0.04	1.6	157	156	155	356	355	354	121	210	0.5762	146	36	0.2466	43	21	0.4884	1	0.13483	48	1	4	0.01124	1	9	0.02528	0.21
300448668	4	4	4	5	4	4	554	19	29.157894736842106	3.61	0.0561	43.7	0.032490974729241874	50	0.16425992779783394	0.013271109814787808	0.05054151624548736	0.004395604395604396	0.02888086642599278	0.0027210884353741495	0.0018050541516245488	0.00020554984583761563	0.0	0.0	0.0	0.0	0.0	0.0	0.0	0.0	0.0	0.0	0.0	0.0	0.0	0.0	0.0	0.0	0.0	0.0	0.0	0.0	0.0	0.0	0.0	0.0	0.0	0.0	0.0	0.0	0.0	0.0	0.0	0.0	0.0	0.0	0.0	0.0	0.0	0.0	0.0	0.0	0.0	0.0	0.0	0.0	0.0	0.0	0.0018050541516245488	0.00016545334215751158	0.0	0.0	27.51	0.28	145	41.94	14.6	14.7	17.2	12.54	16.25	6.86	15.0	5.758013065646908	39.22	3.7	7.367448353516041	321	74	2635	2670	18	523	830	29.1	0.03	1.6	145	144	143	527	526	525	103	289	0.3564	238	42	0.1765	67	11	0.1642	1	0.06452	34	2	23	0.04364	2	36	0.06831	0.54
300422495	3	4	3	3	3	3	412	21	19.61904761904762	5.53	0.0374	39.5	0.06067961165048544	38	0.24271844660194175	0.01458363715910748	0.03398058252427184	0.002197802197802198	0.012135922330097087	0.0008503401360544217	0.0	0.0	0.0	0.0	0.0024271844660194173	0.00024378352023403217	0.0	0.0	0.0	0.0	0.0	0.0	0.0	0.0	0.0	0.0	0.0	0.0	0.0	0.0	0.0	0.0	0.0	0.0	0.0	0.0	0.0	0.0	0.0	0.0	0.0	0.0	0.0	0.0	0.0024271844660194173	0.0006056935190793458	0.0	0.0	0.0	0.0	0.0	0.0	0.0	0.0	0.0	0.0	0.0	0.0	0.0	0.0	0.0024271844660194173	0.0008703220191470844	36.58	0.37	139	44.44	11.6	13.5	13.6	13.81	11.833333333333334	6.62	14.0	4.307592465753425	29.47	3.6	7.631934246575343	206	66	1955	2006	20	365	609	18.3	0.05	1.7	139	138	137	380	379	378	92	230	0.4	150	47	0.3133	66	17	0.2576	1	0.08421	32	2	4	0.01053	2	10	0.02632	0.15
300446945	4	3	4	3	4	4	341	12	28.416666666666668	3.7	0.0467	31.93	0.03519061583577713	37	0.22580645161290322	0.011229400612512761	0.04985337243401759	0.0026687598116169543	0.01466275659824047	0.0008503401360544217	0.002932551319648094	0.00020554984583761563	0.0	0.0	0.0	0.0	0.0	0.0	0.0	0.0	0.0	0.0	0.0	0.0	0.0	0.0	0.0	0.0	0.0	0.0	0.0	0.0	0.0	0.0	0.0	0.0	0.0	0.0	0.0	0.0	0.0	0.0	0.0	0.0	0.0	0.0	0.0	0.0	0.0	0.0	0.0	0.0	0.0	0.0	0.0	0.0	0.0	0.0	0.0	0.0	0.0	0.0	33.33	0.33	108	44.37	13.7	15.6	16.9	13.35	16.25	7.18	14.0	5.593375	24.9	3.9	8.797260416666667	192	57	1672	1695	12	320	527	26.7	0.04	1.6	108	107	106	324	323	322	71	182	0.3901	142	37	0.2606	57	16	0.2807	1	0.04012	13	1	14	0.04321	1	9	0.02778	0.16
300445396	4	3	4	4	4	4	300	12	25.0	4.41	0.0374	31.09	0.02666666666666667	32	0.25333333333333335	0.011083564240921686	0.05333333333333334	0.002511773940345369	0.04	0.0020408163265306124	0.006666666666666667	0.00041109969167523125	0.0	0.0	0.0	0.0	0.0	0.0	0.0	0.0	0.0	0.0	0.0	0.0	0.0	0.0	0.0	0.0	0.0	0.0	0.0	0.0	0.0	0.0	0.0	0.0	0.0	0.0	0.0	0.0	0.0	0.0	0.0	0.0	0.0	0.0	0.0	0.0	0.0	0.0	0.0	0.0	0.0	0.0	0.0	0.0	0.0	0.0	0.0	0.0	0.0	0.0	42.28	0.42	115	57.1	10.9	13.7	12.9	10.86	13.6	7.03	11.0	5.030759259259259	19.48	3.1	6.707592592592593	181	41	1295	1326	12	270	409	22.5	0.04	1.5	115	114	113	272	271	270	81	151	0.5364	121	34	0.281	20	7	0.35	1	0.125	34	2	8	0.02941	2	7	0.02574	0.35
300437784	4	3	4	4	4	3	467	23	20.304347826086957	5.49	0.0748	42.02	0.042826552462526764	78	0.22698072805139186	0.01545865538865393	0.0728051391862955	0.005337519623233909	0.032119914346895075	0.002551020408163265	0.004282655246252677	0.00041109969167523125	0.0	0.0	0.004282655246252677	0.00048756704046806434	0.0	0.0	0.0	0.0	0.0	0.0	0.0	0.0	0.0	0.0	0.0	0.0	0.0	0.0	0.0	0.0	0.0	0.0	0.0	0.0	0.0	0.0	0.0	0.0	0.0	0.0	0.0	0.0	0.0	0.0	0.0	0.0	0.0	0.0	0.0	0.0	0.0	0.0	0.0	0.0	0.0	0.0	0.0	0.0	0.0	0.0	43.2	0.43	181	53.41	10.2	13.2	12.0	11.77	9.0	7.96	12.0	4.986445625597959	31.26	3.3	7.4615040076538754	255	72	2071	2128	23	409	659	17.8	0.06	1.6	181	180	179	419	418	417	134	247	0.5425	172	47	0.2733	45	20	0.4444	1	0.07637	32	1	5	0.01193	1	27	0.06444	0.6
300446941	4	4	4	4	4	4	422	24	17.583333333333332	6.37	0.0093	38.66	0.03317535545023697	62	0.25829383886255924	0.015896164503427155	0.06872037914691943	0.004552590266875981	0.026066350710900472	0.0018707482993197278	0.0	0.0	0.0	0.0	0.0	0.0	0.0	0.0	0.0	0.0	0.0	0.0	0.0	0.0	0.0	0.0	0.0	0.0	0.0	0.0	0.0	0.0	0.0	0.0	0.0	0.0	0.0	0.0	0.0	0.0	0.0	0.0	0.0	0.0	0.0	0.0	0.0	0.0	0.0	0.0	0.0	0.0	0.0	0.0	0.0	0.0	0.0	0.0	0.0	0.0	0.0	0.0	42.71	0.43	161	55.74	9.3	12.3	10.5	11.48	8.571428571428571	7.33	9.0	4.457833333333333	28.09	3.1	6.354530107526882	224	62	1863	1912	24	372	596	15.5	0.06	1.6	161	160	159	377	376	375	110	215	0.5116	162	51	0.3148	56	25	0.4464	1	0.06366	24	3	13	0.03448	3	19	0.0504	0.34
300446931	4	4	3	4	4	3	481	15	32.06666666666667	3.44	0.0654	36.97	0.06652806652806653	62	0.23492723492723494	0.016479509989791453	0.033264033264033266	0.002511773940345369	0.031185031185031187	0.002551020408163265	0.006237006237006237	0.0006166495375128469	0.004158004158004158	0.00046565774155995343	0.0	0.0	0.0	0.0	0.0	0.0	0.0	0.0	0.0	0.0	0.0	0.0	0.0	0.0	0.0	0.0	0.0	0.0	0.0	0.0	0.0	0.0	0.0	0.0	0.0	0.0	0.0	0.0	0.0	0.0	0.0	0.0	0.0	0.0	0.0	0.0	0.0	0.0	0.0	0.0	0.0	0.0	0.0	0.0	0.004158004158004158	0.00033090668431502316	0.002079002079002079	0.0008703220191470844	40.14	0.4	175	51.41	13.1	14.9	16.1	11.26	17.25	8.03	14.0	6.062908313539191	30.83	3.5	8.128411749802058	264	64	2050	2099	15	421	652	28.1	0.04	1.5	175	174	173	436	435	434	125	247	0.5061	189	50	0.2646	55	20	0.3636	1	0.08257	36	2	15	0.0344	2	18	0.04128	0.33
300444606	4	4	3	4	4	3	401	16	25.0625	4.32	0.0654	37.82	0.057356608478802994	65	0.22194513715710723	0.012979437071605659	0.04987531172069826	0.0031397174254317113	0.057356608478802994	0.0039115646258503405	0.004987531172069825	0.00041109969167523125	0.0	0.0	0.0	0.0	0.0	0.0	0.0	0.0	0.0	0.0	0.0	0.0	0.0	0.0	0.0	0.0	0.0	0.0	0.0	0.0	0.0	0.0	0.0	0.0	0.0	0.0	0.0	0.0	0.0	0.0	0.0	0.0	0.0	0.0	0.0	0.0	0.0	0.0	0.0	0.0	0.0	0.0	0.0	0.0	0.0	0.0	0.0	0.0	0.0	0.0	40.54	0.41	150	39.87	13.4	14.3	15.7	14.05	13.0	7.8	13.0	5.582464285714286	29.2	3.9	8.097591208791208	210	61	1947	1988	16	364	607	22.8	0.04	1.7	150	149	148	370	369	368	108	210	0.5143	160	42	0.2625	39	17	0.4359	1	0.10541	39	2	8	0.02162	2	17	0.04595	0.44
300473269	3	3	3	3	3	3	456	23	19.82608695652174	5.54	0.0654	42.02	0.02631578947368421	82	0.26535087719298245	0.017646200962520054	0.07236842105263158	0.005180533751962323	0.043859649122807015	0.003401360544217687	0.006578947368421052	0.0006166495375128469	0.0021929824561403508	0.00023282887077997672	0.0021929824561403508	0.00024378352023403217	0.0	0.0	0.0	0.0	0.0	0.0	0.0	0.0	0.0	0.0	0.0	0.0	0.0	0.0	0.0	0.0	0.0	0.0	0.0	0.0	0.0	0.0	0.0	0.0	0.0	0.0	0.0	0.0	0.0	0.0	0.0	0.0	0.0	0.0	0.0	0.0	0.0	0.0	0.0	0.0	0.0	0.0	0.0043859649122807015	0.00033090668431502316	0.0	0.0	49.64	0.5	206	62.17	8.9	11.6	11.6	11.42	7.857142857142858	8.58	12.0	5.059441147912395	30.47	2.8	5.691855626281152	270	51	2015	2074	23	403	605	17.5	0.06	1.5	206	205	204	415	414	413	153	237	0.6456	178	53	0.2978	56	27	0.4821	1	0.08434	35	2	4	0.00964	2	18	0.04337	0.32
300476977	4	3	3	4	4	4	322	14	23.0	4.68	0.0467	33.61	0.015527950310559006	46	0.2515527950310559	0.01181274609887706	0.055900621118012424	0.00282574568288854	0.027950310559006212	0.001530612244897959	0.015527950310559006	0.0010277492291880781	0.0	0.0	0.003105590062111801	0.00024378352023403217	0.0	0.0	0.0	0.0	0.0	0.0	0.0	0.0	0.0	0.0	0.0	0.0	0.0	0.0	0.0	0.0	0.0	0.0	0.0	0.0	0.0	0.0	0.0	0.0	0.0	0.0	0.0	0.0	0.0	0.0	0.0	0.0	0.0	0.0	0.0	0.0	0.0	0.0	0.0	0.0	0.0	0.0	0.003105590062111801	0.00016545334215751158	0.0	0.0	43.48	0.43	130	58.72	10.3	12.5	11.5	9.81	17.25	7.64	10.0	5.140099219892734	20.57	3.0	5.336373183812774	200	38	1369	1400	14	293	444	20.9	0.05	1.5	130	129	128	299	298	297	90	181	0.4972	118	40	0.339	33	9	0.2727	1	0.06355	19	3	10	0.03344	3	9	0.0301	0.27
300479609	4	4	4	4	3	4	398	19	20.94736842105263	5.21	0.0841	39.5	0.02512562814070352	78	0.27386934673366836	0.015896164503427155	0.09045226130653267	0.00565149136577708	0.04020100502512563	0.0027210884353741495	0.007537688442211055	0.0006166495375128469	0.007537688442211055	0.0006984866123399302	0.002512562814070352	0.00024378352023403217	0.0	0.0	0.002512562814070352	0.0002924831822170225	0.0	0.0	0.0	0.0	0.0	0.0	0.0	0.0	0.0	0.0	0.0	0.0	0.0	0.0	0.0	0.0	0.0	0.0	0.0	0.0	0.0	0.0	0.0	0.0	0.0	0.0	0.0	0.0	0.0	0.0	0.0	0.0	0.0	0.0	0.0	0.0	0.0	0.0	0.002512562814070352	0.00016545334215751158	0.0	0.0	52.05	0.52	190	51.48	11.0	13.4	13.7	13.05	11.166666666666666	8.94	14.0	5.506915254237288	27.9	3.5	7.09609152542373	221	58	1850	1899	18	354	573	19.7	0.05	1.6	190	189	188	365	364	363	146	226	0.646	139	44	0.3165	45	22	0.4889	1	0.08219	30	2	6	0.01644	2	16	0.04384	0.36
