id	overall_score	ideas_score	flow_score	coherence_score	vocab_score	grammar_score	total_words	total_sentences	words_div_sentences	sent_density	difficult_words	proportion_vocab_list[a]_total_words	proportion_vocab_list[a]_headwords	proportion_vocab_list[accent]_total_words	proportion_vocab_list[accent]_headwords	proportion_vocab_list[abandon]_total_words	proportion_vocab_list[abandon]_headwords	proportion_vocab_list[abnormal]_total_words	proportion_vocab_list[abnormal]_headwords	proportion_vocab_list[abbey]_total_words	proportion_vocab_list[abbey]_headwords	proportion_vocab_list[abduct]_total_words	proportion_vocab_list[abduct]_headwords	proportion_vocab_list[abate]_total_words	proportion_vocab_list[abate]_headwords	proportion_vocab_list[aback]_total_words	proportion_vocab_list[aback]_headwords	proportion_vocab_list[abbot]_total_words	proportion_vocab_list[abbot]_headwords	proportion_vocab_list[abet]_total_words	proportion_vocab_list[abet]_headwords	proportion_vocab_list[abrasion]_total_words	proportion_vocab_list[abrasion]_headwords	proportion_vocab_list[aberrant]_total_words	proportion_vocab_list[aberrant]_headwords	proportion_vocab_list[abattoir]_total_words	proportion_vocab_list[abattoir]_headwords	proportion_vocab_list[abashed]_total_words	proportion_vocab_list[abashed]_headwords	proportion_vocab_list[abacus]_total_words	proportion_vocab_list[abacus]_headwords	proportion_vocab_list[abalone]_total_words	proportion_vocab_list[abalone]_headwords	proportion_vocab_list[abductee]_total_words	proportion_vocab_list[abductee]_headwords	proportion_vocab_list[aardvark]_total_words	proportion_vocab_list[aardvark]_headwords	proportion_vocab_list[abnegate]_total_words	proportion_vocab_list[abnegate]_headwords	proportion_vocab_list[abaya]_total_words	proportion_vocab_list[abaya]_headwords	proportion_vocab_list[abaft]_total_words	proportion_vocab_list[abaft]_headwords	proportion_vocab_list[abomasum]_total_words	proportion_vocab_list[abomasum]_headwords	proportion_vocab_list[abettor]_total_words	proportion_vocab_list[abettor]_headwords	proportion_vocab_list[acetal]_total_words	proportion_vocab_list[acetal]_headwords	proportion_vocab_list[ablaut]_total_words	proportion_vocab_list[ablaut]_headwords	proportion_vocab_list[a1]_total_words	proportion_vocab_list[a1]_headwords	proportion_vocab_list[ah]_total_words	proportion_vocab_list[ah]_headwords	proportion_vocab_list[absentminded]_total_words	proportion_vocab_list[absentminded]_headwords	proportion_vocab_list[aal]_total_words	proportion_vocab_list[aal]_headwords	unique_words	ttrr	num_types
300436199	4	4	5	4	4	4	357	11	32.45454545454545	3.34	67	0.2857142857142857	0.014875309902289632	0.08683473389355742	0.004866562009419153	0.04201680672268908	0.002551020408163265	0.0056022408963585435	0.00041109969167523125	0.0056022408963585435	0.00046565774155995343	0.0028011204481792717	0.00024378352023403217	0.0	0.0	0.0	0.0	0.0	0.0	0.0	0.0	0.0	0.0	0.0	0.0	0.0	0.0	0.0	0.0	0.0	0.0	0.0	0.0	0.0	0.0	0.0	0.0	0.0	0.0	0.0	0.0	0.0	0.0	0.0	0.0	0.0	0.0	0.0	0.0	0.0	0.0	0.0	0.0	0.0	0.0	0.0	0.0	0.0	0.0	51.37	0.51	169
300443203	4	3	4	4	4	4	231	17	13.588235294117647	8.17	52	0.31601731601731603	0.010646055126148461	0.11255411255411256	0.004081632653061225	0.06493506493506493	0.002551020408163265	0.008658008658008658	0.00041109969167523125	0.0	0.0	0.0	0.0	0.0	0.0	0.0	0.0	0.0	0.0	0.0	0.0	0.0	0.0	0.0	0.0	0.0	0.0	0.0	0.0	0.0	0.0	0.0	0.0	0.0	0.0	0.0	0.0	0.0	0.0	0.0	0.0	0.0	0.0	0.0	0.0	0.0	0.0	0.0	0.0	0.0	0.0	0.0	0.0	0.0	0.0	0.0	0.0	0.0	0.0	61.06	0.61	127
300400010	4	3	5	4	4	4	349	14	24.928571428571427	4.31	38	0.2492836676217765	0.01268776432842351	0.03724928366762178	0.0020408163265306124	0.03151862464183381	0.0018707482993197278	0.0	0.0	0.0	0.0	0.0	0.0	0.0	0.0	0.0	0.0	0.0	0.0	0.0	0.0	0.0	0.0	0.0	0.0	0.0	0.0	0.0	0.0	0.0	0.0	0.0	0.0	0.0	0.0	0.0	0.0	0.0	0.0	0.0	0.0	0.0	0.0	0.0	0.0	0.0	0.0	0.0	0.0	0.0	0.0	0.0	0.0	0.0	0.0	0.0	0.0	0.0	0.0	36.31	0.36	118
300451442	5	5	5	5	5	5	402	16	25.125	4.31	41	0.23134328358208955	0.013562782557969957	0.04228855721393035	0.0026687598116169543	0.017412935323383085	0.0011904761904761906	0.0	0.0	0.0	0.0	0.0	0.0	0.0	0.0	0.0	0.0	0.0	0.0	0.0	0.0	0.0	0.0	0.0	0.0	0.0	0.0	0.0	0.0	0.0	0.0	0.0	0.0	0.0	0.0	0.0	0.0	0.0	0.0	0.0	0.0	0.0	0.0	0.0	0.0	0.0	0.0	0.0	0.0	0.0	0.0	0.0	0.0	0.0	0.0	0.0	0.0	0.0	0.0	35.04	0.35	130
300462744	4	5	5	5	4	4	538	15	35.86666666666667	3.01	43	0.20631970260223048	0.016187837246609306	0.040892193308550186	0.003453689167974882	0.022304832713754646	0.0020408163265306124	0.0	0.0	0.0	0.0	0.0	0.0	0.0	0.0	0.0	0.0	0.0	0.0	0.0	0.0	0.0	0.0	0.0	0.0	0.0	0.0	0.0	0.0	0.0	0.0	0.0	0.0	0.0	0.0	0.0	0.0	0.0	0.0	0.0	0.0	0.0	0.0	0.0	0.0	0.0	0.0	0.0	0.0	0.0	0.0	0.0	0.0	0.0	0.0	0.0018587360594795538	0.00016545334215751158	0.0	0.0	31.12	0.31	155
300465371	3	3	3	3	3	3	367	9	40.77777777777778	2.69	21	0.21525885558583105	0.01152107335569491	0.01907356948228883	0.001098901098901099	0.013623978201634877	0.0008503401360544217	0.0	0.0	0.0	0.0	0.0	0.0	0.0	0.0	0.0	0.0	0.0	0.0	0.0	0.0	0.0	0.0	0.0	0.0	0.0	0.0	0.0	0.0	0.0	0.0	0.0	0.0	0.0	0.0	0.0	0.0	0.0	0.0	0.0	0.0	0.0	0.0	0.0	0.0	0.0	0.0	0.0	0.0	0.0	0.0	0.0	0.0	0.0	0.0	0.0	0.0	0.0	0.0	30.24	0.3	101
300467528	5	5	5	4	5	4	442	22	20.09090909090909	5.34	55	0.24434389140271492	0.01575032813183608	0.08144796380090498	0.00565149136577708	0.03167420814479638	0.002380952380952381	0.0	0.0	0.0	0.0	0.0	0.0	0.0	0.0	0.0	0.0	0.0	0.0	0.0	0.0	0.0	0.0	0.0	0.0	0.0	0.0	0.0	0.0	0.0	0.0	0.0	0.0	0.0	0.0	0.0	0.0	0.0	0.0	0.0	0.0	0.0	0.0	0.0	0.0	0.0	0.0	0.0	0.0	0.0	0.0	0.0	0.0	0.0	0.0	0.0	0.0	0.0	0.0	41.02	0.41	169
300470595	4	4	4	4	4	4	444	20	22.2	4.77	30	0.24549549549549549	0.015896164503427155	0.02702702702702703	0.0018838304552590266	0.013513513513513514	0.0010204081632653062	0.0	0.0	0.0	0.0	0.0	0.0	0.0	0.0	0.0	0.0	0.0	0.0	0.0	0.0	0.0	0.0	0.0	0.0	0.0	0.0	0.0	0.0	0.0	0.0	0.0	0.0	0.0	0.0	0.0	0.0	0.0	0.0	0.0	0.0	0.0	0.0	0.0	0.0	0.0	0.0	0.0	0.0	0.0	0.0	0.0	0.0	0.0	0.0	0.0	0.0	0.0	0.0	32.46	0.32	136
300475607	4	4	4	4	4	3	374	18	20.77777777777778	5.26	39	0.2700534759358289	0.014729473530698556	0.05080213903743316	0.0029827315541601255	0.026737967914438502	0.0017006802721088435	0.0	0.0	0.0	0.0	0.0	0.0	0.00267379679144385	0.0002718129926610492	0.0	0.0	0.0	0.0	0.0	0.0	0.0	0.0	0.0	0.0	0.0	0.0	0.0	0.0	0.0	0.0	0.0	0.0	0.0	0.0	0.0	0.0	0.0	0.0	0.0	0.0	0.0	0.0	0.0	0.0	0.0	0.0	0.0	0.0	0.0	0.0	0.0	0.0	0.0	0.0	0.0	0.0	0.0	0.0	41.23	0.41	141
300476894	4	4	4	5	4	4	396	15	26.4	4.09	48	0.255050505050505	0.014729473530698556	0.05808080808080808	0.003610675039246468	0.03282828282828283	0.002210884353741497	0.0	0.0	0.0	0.0	0.0025252525252525255	0.00024378352023403217	0.0025252525252525255	0.0002718129926610492	0.0	0.0	0.0	0.0	0.0	0.0	0.0	0.0	0.0	0.0	0.0	0.0	0.0	0.0	0.0	0.0	0.0	0.0	0.0	0.0	0.0	0.0	0.0	0.0	0.0	0.0	0.0	0.0	0.0	0.0	0.0	0.0	0.0	0.0	0.0	0.0	0.0	0.0	0.0	0.0	0.0	0.0	0.0	0.0	40.05	0.4	147
300400011	5	5	5	5	5	4	357	17	21.0	5.18	63	0.28851540616246496	0.015021146273880705	0.08403361344537816	0.004709576138147566	0.058823529411764705	0.0035714285714285713	0.0028011204481792717	0.00020554984583761563	0.0028011204481792717	0.00023282887077997672	0.0	0.0	0.0	0.0	0.0	0.0	0.0	0.0	0.0	0.0	0.0	0.0	0.0	0.0	0.0	0.0	0.0	0.0	0.0	0.0	0.0	0.0	0.0	0.0	0.0	0.0	0.0	0.0	0.0	0.0	0.0	0.0	0.0	0.0	0.0	0.0	0.0	0.0	0.0	0.0	0.0	0.0	0.0	0.0	0.0	0.0	0.0	0.0	50.61	0.51	166
300458321	4	4	4	4	4	4	357	13	27.46153846153846	3.89	36	0.24369747899159663	0.01268776432842351	0.04481792717086835	0.002511773940345369	0.03081232492997199	0.0018707482993197278	0.0	0.0	0.0	0.0	0.0	0.0	0.0	0.0	0.0	0.0	0.0	0.0	0.0	0.0	0.0	0.0	0.0	0.0	0.0	0.0	0.0	0.0	0.0	0.0	0.0	0.0	0.0	0.0	0.0	0.0	0.0	0.0	0.0	0.0	0.0	0.0	0.0	0.0	0.0	0.0	0.0	0.0	0.0	0.0	0.0	0.0	0.0	0.0	0.0	0.0	0.0	0.0	36.83	0.37	123
300465369	3	3	4	4	3	3	299	11	27.181818181818183	3.93	24	0.27759197324414714	0.01210441884205921	0.026755852842809364	0.0012558869701726845	0.033444816053511704	0.0017006802721088435	0.0	0.0	0.0	0.0	0.0	0.0	0.0	0.0	0.0	0.0	0.0	0.0	0.0	0.0	0.0	0.0	0.0	0.0	0.0	0.0	0.0	0.0	0.0	0.0	0.0	0.0	0.0	0.0	0.0	0.0	0.0	0.0	0.0	0.0	0.0	0.0	0.0	0.0	0.0	0.0	0.0	0.0	0.0	0.0	0.0	0.0	0.0	0.0	0.0	0.0	0.0	0.0	38.57	0.39	108
300478717	3	4	3	4	3	3	358	14	25.571428571428573	4.29	41	0.2849162011173184	0.014875309902289632	0.05027932960893855	0.00282574568288854	0.019553072625698324	0.0011904761904761906	0.0111731843575419	0.0008221993833504625	0.0	0.0	0.0	0.0	0.0	0.0	0.0	0.0	0.0	0.0	0.0	0.0	0.0	0.0	0.0	0.0	0.0	0.0	0.002793296089385475	0.00043497172683775554	0.0	0.0	0.0	0.0	0.0	0.0	0.0	0.0	0.0	0.0	0.0	0.0	0.002793296089385475	0.0006056935190793458	0.0	0.0	0.0	0.0	0.0	0.0	0.0	0.0	0.0	0.0	0.0	0.0	0.002793296089385475	0.00016545334215751158	0.0	0.0	46.32	0.46	151
300481896	5	5	4	5	5	4	432	18	24.0	4.56	55	0.25925925925925924	0.01633367361820038	0.046296296296296294	0.0031397174254317113	0.03935185185185185	0.002891156462585034	0.004629629629629629	0.00041109969167523125	0.0023148148148148147	0.00023282887077997672	0.004629629629629629	0.00048756704046806434	0.0	0.0	0.0	0.0	0.0	0.0	0.0	0.0	0.0	0.0	0.0	0.0	0.0	0.0	0.0	0.0	0.0	0.0	0.0	0.0	0.0	0.0	0.0	0.0	0.0	0.0	0.0	0.0	0.0	0.0	0.0	0.0	0.0	0.0	0.0	0.0	0.0	0.0	0.0	0.0	0.0	0.0	0.0	0.0	0.0	0.0	43.29	0.43	171
300482646	3	4	4	3	3	4	625	19	32.89473684210526	3.23	78	0.2272	0.020708764765932624	0.0432	0.00423861852433281	0.0208	0.002210884353741497	0.008	0.0010277492291880781	0.0	0.0	0.0016	0.00024378352023403217	0.0	0.0	0.0	0.0	0.0	0.0	0.0	0.0	0.0	0.0	0.0	0.0	0.0	0.0	0.0	0.0	0.0	0.0	0.0	0.0	0.0	0.0	0.0	0.0	0.0	0.0	0.0	0.0	0.0	0.0	0.0	0.0	0.0	0.0	0.0	0.0	0.0	0.0	0.0	0.0	0.0	0.0	0.0032	0.00033090668431502316	0.0	0.0	36.84	0.37	217
300491415	3	3	4	4	4	3	349	12	29.083333333333332	3.76	45	0.33810888252148996	0.01720869184774683	0.05157593123209169	0.00282574568288854	0.03151862464183381	0.0018707482993197278	0.0028653295128939827	0.00020554984583761563	0.0028653295128939827	0.00023282887077997672	0.0	0.0	0.0	0.0	0.0	0.0	0.0	0.0	0.0	0.0	0.0028653295128939827	0.0003399048266485384	0.0	0.0	0.0	0.0	0.0	0.0	0.0	0.0	0.0	0.0	0.0	0.0	0.0	0.0	0.0	0.0	0.0	0.0	0.0	0.0	0.0	0.0	0.0	0.0	0.0	0.0	0.0	0.0	0.0	0.0	0.0	0.0	0.0	0.0	0.0	0.0	51.41	0.51	164
300414886	3	3	3	4	3	3	292	11	26.545454545454547	4.12	21	0.23972602739726026	0.010208546011375236	0.02054794520547945	0.0009419152276295133	0.0136986301369863	0.0006802721088435374	0.003424657534246575	0.00020554984583761563	0.0	0.0	0.0	0.0	0.0	0.0	0.0	0.0	0.0	0.0	0.0	0.0	0.0	0.0	0.0	0.0	0.0	0.0	0.0	0.0	0.0	0.0	0.0	0.0	0.0	0.0	0.0	0.0	0.0	0.0	0.0	0.0	0.0	0.0	0.0	0.0	0.0	0.0	0.0	0.0	0.0	0.0	0.0	0.0	0.0	0.0	0.0	0.0	0.0	0.0	34.83	0.35	93
300433944	4	5	4	5	4	4	935	19	49.21052631578947	2.18	73	0.19893048128342247	0.027125565115939915	0.029946524064171122	0.004395604395604396	0.014973262032085561	0.002380952380952381	0.0032085561497326204	0.0006166495375128469	0.0	0.0	0.0	0.0	0.0	0.0	0.0	0.0	0.0	0.0	0.0	0.0	0.0	0.0	0.0	0.0	0.0	0.0	0.0	0.0	0.0	0.0	0.0	0.0	0.0	0.0	0.0	0.0	0.0	0.0	0.0	0.0	0.0	0.0	0.0	0.0	0.0	0.0	0.0	0.0	0.0	0.0	0.0	0.0	0.0	0.0	0.0010695187165775401	0.00016545334215751158	0.0010695187165775401	0.0008703220191470844	29.67	0.3	259
300448682	5	5	4	5	5	5	1541	61	25.262295081967213	4.25	123	0.15444516547696302	0.034709056438675806	0.035691109669046074	0.008634222919937205	0.012978585334198572	0.003401360544217687	0.003893575600259572	0.0012332990750256938	0.0006489292667099286	0.00023282887077997672	0.0012978585334198572	0.00048756704046806434	0.0	0.0	0.0	0.0	0.0	0.0	0.0	0.0	0.0	0.0	0.0	0.0	0.0	0.0	0.0	0.0	0.0	0.0	0.0	0.0	0.0	0.0	0.0	0.0	0.0	0.0	0.0	0.0	0.0	0.0	0.0	0.0	0.0	0.0	0.0	0.0	0.0	0.0	0.0006489292667099286	4.462492748449284e-05	0.0	0.0	0.003244646333549643	0.0008272667107875579	0.0006489292667099286	0.0008703220191470844	24.93	0.25	358
300468100	5	5	5	5	5	5	480	22	21.818181818181817	5.05	77	0.2604166666666667	0.018229546448884353	0.05	0.0037676609105180532	0.03958333333333333	0.0032312925170068026	0.008333333333333333	0.0008221993833504625	0.004166666666666667	0.00046565774155995343	0.0	0.0	0.0	0.0	0.0	0.0	0.0	0.0	0.0	0.0	0.0	0.0	0.0	0.0	0.0	0.0	0.0	0.0	0.0	0.0	0.0	0.0	0.0	0.0	0.0	0.0	0.0	0.0	0.0	0.0	0.0	0.0	0.0	0.0	0.0	0.0	0.0	0.0	0.0	0.0	0.0	0.0	0.0	0.0	0.0020833333333333333	0.00016545334215751158	0.0	0.0	44.95	0.45	196
300469408	5	5	5	5	4	5	817	33	24.757575757575758	4.37	87	0.21542227662178703	0.025667201400029167	0.04895960832313342	0.006279434850863423	0.0208078335373317	0.002891156462585034	0.0036719706242350062	0.0006166495375128469	0.0012239902080783353	0.00023282887077997672	0.0012239902080783353	0.00024378352023403217	0.0	0.0	0.0	0.0	0.0	0.0	0.0	0.0	0.0012239902080783353	0.0003399048266485384	0.0	0.0	0.0	0.0	0.0	0.0	0.0	0.0	0.0	0.0	0.0	0.0	0.0	0.0	0.0	0.0	0.0	0.0	0.0	0.0	0.0	0.0	0.0	0.0	0.0	0.0	0.0	0.0	0.0	0.0	0.0	0.0	0.0024479804161566705	0.00033090668431502316	0.0	0.0	35.1	0.35	265
300474288	4	4	4	4	3	4	348	3	116.0	0.87	35	0.32471264367816094	0.016479509989791453	0.017241379310344827	0.0009419152276295133	0.017241379310344827	0.0010204081632653062	0.0028735632183908046	0.00020554984583761563	0.0	0.0	0.0	0.0	0.0	0.0	0.0	0.0	0.0	0.0	0.0	0.0	0.0	0.0	0.0	0.0	0.0	0.0	0.0	0.0	0.0	0.0	0.0	0.0	0.0	0.0	0.0028735632183908046	0.000517063081695967	0.0	0.0	0.0	0.0	0.0	0.0	0.0	0.0	0.0	0.0	0.0	0.0	0.0	0.0	0.0	0.0	0.0	0.0	0.0028735632183908046	0.00016545334215751158	0.0	0.0	43.35	0.43	150
300476203	4	4	4	4	3	4	369	18	20.5	5.49	45	0.21951219512195122	0.01181274609887706	0.05420054200542006	0.0031397174254317113	0.005420054200542005	0.0003401360544217687	0.005420054200542005	0.00041109969167523125	0.0	0.0	0.0027100271002710027	0.00024378352023403217	0.0	0.0	0.0	0.0	0.0	0.0	0.0	0.0	0.0	0.0	0.0	0.0	0.0	0.0	0.0	0.0	0.0	0.0	0.0	0.0	0.0	0.0	0.0	0.0	0.0	0.0	0.0	0.0	0.0	0.0	0.0	0.0	0.0	0.0	0.0	0.0	0.0	0.0	0.0027100271002710027	4.462492748449284e-05	0.0	0.0	0.0027100271002710027	0.00016545334215751158	0.0	0.0	36.89	0.37	121
300478184	4	4	4	4	3	4	363	14	25.928571428571427	4.08	53	0.31129476584022037	0.016479509989791453	0.05785123966942149	0.0032967032967032967	0.03856749311294766	0.002380952380952381	0.0	0.0	0.0027548209366391185	0.00023282887077997672	0.0	0.0	0.0	0.0	0.0	0.0	0.0	0.0	0.0	0.0	0.0	0.0	0.0	0.0	0.0	0.0	0.0	0.0	0.0	0.0	0.0	0.0	0.0	0.0	0.0	0.0	0.0	0.0	0.0	0.0	0.0	0.0	0.0	0.0	0.0	0.0	0.0	0.0	0.0	0.0	0.0	0.0	0.0	0.0	0.005509641873278237	0.00033090668431502316	0.0	0.0	48.1	0.48	165
300478187	4	4	4	4	4	4	457	21	21.761904761904763	4.98	34	0.23851203501094093	0.015896164503427155	0.037199124726477024	0.0026687598116169543	0.0175054704595186	0.0013605442176870747	0.0	0.0	0.0	0.0	0.0	0.0	0.0	0.0	0.0	0.0	0.0	0.0	0.0	0.0	0.0	0.0	0.0	0.0	0.0	0.0	0.0	0.0	0.0	0.0	0.0	0.0	0.0	0.0	0.0	0.0	0.0	0.0	0.0	0.0	0.0	0.0	0.0	0.0	0.0	0.0	0.0	0.0	0.0	0.0	0.0	0.0	0.0	0.0	0.0	0.0	0.0	0.0	34.36	0.34	145
300484033	4	4	4	4	4	4	276	7	39.42857142857143	2.65	26	0.3007246376811594	0.01210441884205921	0.036231884057971016	0.0015698587127158557	0.025362318840579712	0.0011904761904761906	0.007246376811594203	0.00041109969167523125	0.0	0.0	0.0	0.0	0.0	0.0	0.0	0.0	0.0	0.0	0.0	0.0	0.0	0.0	0.0	0.0	0.0	0.0	0.0	0.0	0.0	0.0	0.0	0.0	0.0	0.0	0.0	0.0	0.0	0.0	0.0	0.0	0.0	0.0	0.0	0.0	0.0	0.0	0.0	0.0	0.0	0.0	0.0	0.0	0.0	0.0	0.007246376811594203	0.00033090668431502316	0.0	0.0	45.08	0.45	119
300484044	4	4	4	5	4	4	486	14	34.714285714285715	3.02	41	0.25308641975308643	0.0179378737057022	0.024691358024691357	0.0018838304552590266	0.0205761316872428	0.0017006802721088435	0.00205761316872428	0.00020554984583761563	0.0	0.0	0.0	0.0	0.0	0.0	0.0	0.0	0.0	0.0	0.0	0.0	0.0	0.0	0.0	0.0	0.0	0.0	0.0	0.0	0.0	0.0	0.0	0.0	0.0	0.0	0.0	0.0	0.0	0.0	0.0	0.0	0.0	0.0	0.0	0.0	0.0	0.0	0.0	0.0	0.0	0.0	0.0	0.0	0.0	0.0	0.00205761316872428	0.00016545334215751158	0.0	0.0	35.78	0.36	166
300485556	5	4	4	5	4	5	597	31	19.258064516129032	5.66	62	0.2562814070351759	0.022312964853434446	0.03350083752093802	0.0031397174254317113	0.023450586264656615	0.002380952380952381	0.006700167504187605	0.0008221993833504625	0.0016750418760469012	0.00023282887077997672	0.0	0.0	0.0	0.0	0.0	0.0	0.0	0.0	0.0	0.0	0.0	0.0	0.0	0.0	0.0	0.0	0.0	0.0	0.0	0.0	0.0	0.0	0.0	0.0	0.0	0.0	0.0	0.0	0.0	0.0	0.0	0.0	0.0	0.0	0.0	0.0	0.0	0.0	0.0	0.0	0.0	0.0	0.0	0.0	0.0	0.0	0.0	0.0	37.77	0.38	207
300489269	5	5	5	4	5	4	559	24	23.291666666666668	4.56	52	0.2110912343470483	0.01720869184774683	0.03220035778175313	0.00282574568288854	0.017889087656529516	0.0017006802721088435	0.0	0.0	0.0	0.0	0.0	0.0	0.0	0.0	0.0	0.0	0.0	0.0	0.0	0.0	0.0	0.0	0.0	0.0	0.0	0.0	0.0	0.0	0.0	0.0	0.0	0.0	0.0	0.0	0.0	0.0	0.0	0.0	0.0	0.0	0.0	0.0	0.0	0.0	0.0	0.0	0.0	0.0	0.0	0.0	0.0017889087656529517	4.462492748449284e-05	0.0	0.0	0.0017889087656529517	0.00016545334215751158	0.0	0.0	33.65	0.34	177
300490889	4	4	4	4	4	4	497	12	41.416666666666664	2.57	42	0.2575452716297787	0.018667055563657577	0.04024144869215292	0.0031397174254317113	0.018108651911468814	0.001530612244897959	0.002012072434607646	0.00020554984583761563	0.0	0.0	0.0	0.0	0.0	0.0	0.0	0.0	0.0	0.0	0.0	0.0	0.0	0.0	0.0	0.0	0.0	0.0	0.0	0.0	0.0	0.0	0.0	0.0	0.0	0.0	0.0	0.0	0.0	0.0	0.0	0.0	0.0	0.0	0.0	0.0	0.0	0.0	0.0	0.0	0.0	0.0	0.0	0.0	0.0	0.0	0.0	0.0	0.0	0.0	38.33	0.38	179
300479205	4	5	5	4	4	4	804	41	19.609756097560975	5.67	75	0.20771144278606965	0.024354674055709492	0.046019900497512436	0.005808477237048666	0.014925373134328358	0.0020408163265306124	0.0037313432835820895	0.0006166495375128469	0.0012437810945273632	0.00023282887077997672	0.0	0.0	0.0	0.0	0.0	0.0	0.0	0.0	0.0	0.0	0.0	0.0	0.0	0.0	0.0	0.0	0.0	0.0	0.0	0.0	0.0	0.0	0.0	0.0	0.0	0.0	0.0	0.0	0.0	0.0	0.0	0.0	0.0	0.0	0.0	0.0	0.0	0.0	0.0	0.0	0.0	0.0	0.0	0.0	0.0	0.0	0.0012437810945273632	0.0008703220191470844	34.85	0.35	252
300484040	4	3	4	4	4	4	451	19	23.736842105263158	4.48	50	0.28824833702882485	0.018958728306839725	0.028824833702882482	0.0020408163265306124	0.022172949002217297	0.0017006802721088435	0.0066518847006651885	0.0006166495375128469	0.0022172949002217295	0.00023282887077997672	0.0	0.0	0.0	0.0	0.0	0.0	0.0	0.0	0.0	0.0	0.0	0.0	0.0	0.0	0.0	0.0	0.0	0.0	0.0	0.0	0.0	0.0	0.0	0.0	0.0	0.0	0.0	0.0	0.0	0.0	0.0	0.0	0.0	0.0	0.0	0.0	0.0	0.0	0.0	0.0	0.0022172949002217295	4.462492748449284e-05	0.0	0.0	0.0022172949002217295	0.00016545334215751158	0.0	0.0	42.69	0.43	181
300484277	3	4	3	3	3	4	436	22	19.818181818181817	5.26	39	0.29128440366972475	0.0185212191920665	0.04357798165137615	0.0029827315541601255	0.011467889908256881	0.0008503401360544217	0.0	0.0	0.0022935779816513763	0.00023282887077997672	0.0	0.0	0.0	0.0	0.0	0.0	0.0	0.0	0.0	0.0	0.0	0.0	0.0	0.0	0.0	0.0	0.0	0.0	0.0	0.0	0.0	0.0	0.0	0.0	0.0	0.0	0.0	0.0	0.0	0.0	0.0	0.0	0.0	0.0	0.0	0.0	0.0	0.0	0.0	0.0	0.0	0.0	0.0	0.0	0.0	0.0	0.0	0.0	39.47	0.39	165
300485722	3	4	3	3	4	3	470	20	23.5	4.43	65	0.23404255319148937	0.01604200087501823	0.059574468085106386	0.004395604395604396	0.029787234042553193	0.002380952380952381	0.0	0.0	0.0	0.0	0.0	0.0	0.0	0.0	0.0	0.0	0.0	0.0	0.0	0.0	0.0	0.0	0.0	0.0	0.0	0.0	0.0	0.0	0.0	0.0	0.0	0.0	0.0	0.0	0.0	0.0	0.0	0.0	0.0	0.0	0.0	0.0	0.0	0.0	0.0	0.0	0.0	0.0	0.0	0.0	0.002127659574468085	4.462492748449284e-05	0.0	0.0	0.00425531914893617	0.00033090668431502316	0.0	0.0	37.69	0.38	170
300469240	3	3	4	3	3	3	236	11	21.454545454545453	4.98	39	0.3432203389830508	0.01181274609887706	0.059322033898305086	0.002197802197802198	0.025423728813559324	0.0010204081632653062	0.012711864406779662	0.0006166495375128469	0.00423728813559322	0.00023282887077997672	0.00423728813559322	0.00024378352023403217	0.0	0.0	0.0	0.0	0.0	0.0	0.0	0.0	0.0	0.0	0.00423728813559322	0.00036310820624546115	0.0	0.0	0.0	0.0	0.0	0.0	0.0	0.0	0.0	0.0	0.0	0.0	0.0	0.0	0.0	0.0	0.0	0.0	0.0	0.0	0.0	0.0	0.0	0.0	0.0	0.0	0.0	0.0	0.0	0.0	0.0	0.0	0.0	0.0	52.94	0.53	117
300471151	5	5	5	4	5	5	414	19	21.789473684210527	5.0	56	0.23429951690821257	0.014146128044334258	0.0748792270531401	0.004866562009419153	0.033816425120772944	0.002380952380952381	0.004830917874396135	0.00041109969167523125	0.0	0.0	0.0	0.0	0.0	0.0	0.0	0.0	0.0	0.0	0.0	0.0	0.0	0.0	0.0	0.0	0.0	0.0	0.0	0.0	0.0	0.0	0.0	0.0	0.0	0.0	0.0	0.0	0.0	0.0	0.0	0.0	0.0	0.0	0.0	0.0	0.0	0.0	0.0	0.0	0.0	0.0	0.0	0.0	0.0	0.0	0.0	0.0	0.0	0.0	40.26	0.4	153
300478180	4	4	4	4	4	4	315	17	18.529411764705884	6.03	32	0.3523809523809524	0.016187837246609306	0.031746031746031744	0.0015698587127158557	0.025396825396825397	0.0013605442176870747	0.0	0.0	0.006349206349206349	0.00046565774155995343	0.0031746031746031746	0.00024378352023403217	0.0	0.0	0.0	0.0	0.0	0.0	0.0	0.0	0.0	0.0	0.0	0.0	0.0	0.0	0.0	0.0	0.0	0.0	0.0	0.0	0.0	0.0	0.0	0.0	0.0	0.0	0.0	0.0	0.0	0.0	0.0	0.0	0.0	0.0	0.0	0.0	0.0	0.0	0.0	0.0	0.0	0.0	0.0	0.0	0.0	0.0	50.71	0.51	143
300476975	4	4	4	4	3	3	229	13	17.615384615384617	6.13	25	0.27510917030567683	0.009187691410237713	0.034934497816593885	0.0012558869701726845	0.039301310043668124	0.001530612244897959	0.0	0.0	0.0	0.0	0.0	0.0	0.0	0.0	0.0	0.0	0.0	0.0	0.0	0.0	0.0	0.0	0.0	0.0	0.0	0.0	0.0	0.0	0.0	0.0	0.0	0.0	0.0	0.0	0.0	0.0	0.0	0.0	0.0	0.0	0.0	0.0	0.0	0.0	0.0	0.0	0.0	0.0	0.0	0.0	0.0	0.0	0.0	0.0	0.0	0.0	0.0	0.0	42.92	0.43	91
300478707	4	4	4	4	4	4	372	16	23.25	4.69	42	0.30913978494623656	0.016771182732973604	0.03494623655913978	0.0020408163265306124	0.026881720430107527	0.0017006802721088435	0.002688172043010753	0.00020554984583761563	0.0	0.0	0.0	0.0	0.0	0.0	0.0	0.0	0.0	0.0	0.0	0.0	0.0	0.0	0.0	0.0	0.0	0.0	0.0	0.0	0.0	0.0	0.0	0.0	0.0	0.0	0.0	0.0	0.0	0.0	0.0	0.0	0.0	0.0	0.0	0.0	0.0	0.0	0.0	0.0	0.0	0.0	0.0	0.0	0.0	0.0	0.0	0.0	0.002688172043010753	0.0008703220191470844	45.45	0.45	155
300422495	3	4	3	4	3	4	412	21	19.61904761904762	5.53	38	0.24271844660194175	0.01458363715910748	0.03398058252427184	0.002197802197802198	0.012135922330097087	0.0008503401360544217	0.0	0.0	0.0	0.0	0.0024271844660194173	0.00024378352023403217	0.0	0.0	0.0	0.0	0.0	0.0	0.0	0.0	0.0	0.0	0.0	0.0	0.0	0.0	0.0	0.0	0.0	0.0	0.0	0.0	0.0	0.0	0.0	0.0	0.0	0.0	0.0	0.0	0.0024271844660194173	0.0006056935190793458	0.0	0.0	0.0	0.0	0.0	0.0	0.0	0.0	0.0	0.0	0.0	0.0	0.0	0.0	0.0024271844660194173	0.0008703220191470844	36.58	0.37	139
300445396	4	5	4	4	4	5	300	12	25.0	4.41	32	0.25333333333333335	0.011083564240921686	0.05333333333333334	0.002511773940345369	0.04	0.0020408163265306124	0.006666666666666667	0.00041109969167523125	0.0	0.0	0.0	0.0	0.0	0.0	0.0	0.0	0.0	0.0	0.0	0.0	0.0	0.0	0.0	0.0	0.0	0.0	0.0	0.0	0.0	0.0	0.0	0.0	0.0	0.0	0.0	0.0	0.0	0.0	0.0	0.0	0.0	0.0	0.0	0.0	0.0	0.0	0.0	0.0	0.0	0.0	0.0	0.0	0.0	0.0	0.0	0.0	0.0	0.0	42.28	0.42	115
300446931	4	5	4	5	4	4	481	15	32.06666666666667	3.44	62	0.23492723492723494	0.016479509989791453	0.033264033264033266	0.002511773940345369	0.031185031185031187	0.002551020408163265	0.006237006237006237	0.0006166495375128469	0.004158004158004158	0.00046565774155995343	0.0	0.0	0.0	0.0	0.0	0.0	0.0	0.0	0.0	0.0	0.0	0.0	0.0	0.0	0.0	0.0	0.0	0.0	0.0	0.0	0.0	0.0	0.0	0.0	0.0	0.0	0.0	0.0	0.0	0.0	0.0	0.0	0.0	0.0	0.0	0.0	0.0	0.0	0.0	0.0	0.0	0.0	0.0	0.0	0.004158004158004158	0.00033090668431502316	0.002079002079002079	0.0008703220191470844	40.14	0.4	175
300444606	4	4	4	4	4	4	401	16	25.0625	4.32	65	0.22194513715710723	0.012979437071605659	0.04987531172069826	0.0031397174254317113	0.057356608478802994	0.0039115646258503405	0.004987531172069825	0.00041109969167523125	0.0	0.0	0.0	0.0	0.0	0.0	0.0	0.0	0.0	0.0	0.0	0.0	0.0	0.0	0.0	0.0	0.0	0.0	0.0	0.0	0.0	0.0	0.0	0.0	0.0	0.0	0.0	0.0	0.0	0.0	0.0	0.0	0.0	0.0	0.0	0.0	0.0	0.0	0.0	0.0	0.0	0.0	0.0	0.0	0.0	0.0	0.0	0.0	0.0	0.0	40.54	0.41	150
300473269	4	5	4	4	4	4	456	23	19.82608695652174	5.54	82	0.26535087719298245	0.017646200962520054	0.07236842105263158	0.005180533751962323	0.043859649122807015	0.003401360544217687	0.006578947368421052	0.0006166495375128469	0.0021929824561403508	0.00023282887077997672	0.0021929824561403508	0.00024378352023403217	0.0	0.0	0.0	0.0	0.0	0.0	0.0	0.0	0.0	0.0	0.0	0.0	0.0	0.0	0.0	0.0	0.0	0.0	0.0	0.0	0.0	0.0	0.0	0.0	0.0	0.0	0.0	0.0	0.0	0.0	0.0	0.0	0.0	0.0	0.0	0.0	0.0	0.0	0.0	0.0	0.0	0.0	0.0043859649122807015	0.00033090668431502316	0.0	0.0	49.64	0.5	206
300476977	4	4	4	4	4	4	322	14	23.0	4.68	46	0.2515527950310559	0.01181274609887706	0.055900621118012424	0.00282574568288854	0.027950310559006212	0.001530612244897959	0.015527950310559006	0.0010277492291880781	0.0	0.0	0.003105590062111801	0.00024378352023403217	0.0	0.0	0.0	0.0	0.0	0.0	0.0	0.0	0.0	0.0	0.0	0.0	0.0	0.0	0.0	0.0	0.0	0.0	0.0	0.0	0.0	0.0	0.0	0.0	0.0	0.0	0.0	0.0	0.0	0.0	0.0	0.0	0.0	0.0	0.0	0.0	0.0	0.0	0.0	0.0	0.0	0.0	0.003105590062111801	0.00016545334215751158	0.0	0.0	43.48	0.43	130
300479609	4	4	4	4	4	3	398	19	20.94736842105263	5.21	78	0.27386934673366836	0.015896164503427155	0.09045226130653267	0.00565149136577708	0.04020100502512563	0.0027210884353741495	0.007537688442211055	0.0006166495375128469	0.007537688442211055	0.0006984866123399302	0.002512562814070352	0.00024378352023403217	0.0	0.0	0.002512562814070352	0.0002924831822170225	0.0	0.0	0.0	0.0	0.0	0.0	0.0	0.0	0.0	0.0	0.0	0.0	0.0	0.0	0.0	0.0	0.0	0.0	0.0	0.0	0.0	0.0	0.0	0.0	0.0	0.0	0.0	0.0	0.0	0.0	0.0	0.0	0.0	0.0	0.0	0.0	0.0	0.0	0.002512562814070352	0.00016545334215751158	0.0	0.0	52.05	0.52	190
300484037	4	4	4	4	3	4	471	13	36.23076923076923	3.0	57	0.25477707006369427	0.017500364590928977	0.04246284501061571	0.0031397174254317113	0.025477707006369428	0.0020408163265306124	0.004246284501061571	0.00041109969167523125	0.0021231422505307855	0.00023282887077997672	0.0	0.0	0.0	0.0	0.0	0.0	0.0	0.0	0.0	0.0	0.0	0.0	0.0	0.0	0.0	0.0	0.0	0.0	0.0	0.0	0.0	0.0	0.0	0.0	0.0	0.0	0.0	0.0	0.0	0.0	0.0	0.0	0.0	0.0	0.0	0.0	0.0	0.0	0.0	0.0	0.0	0.0	0.0	0.0	0.006369426751592357	0.0004963600264725347	0.0021231422505307855	0.0008703220191470844	41.47	0.41	180
300484657	4	4	4	4	4	4	262	6	43.666666666666664	2.35	48	0.3320610687022901	0.01268776432842351	0.0916030534351145	0.0037676609105180532	0.04580152671755725	0.0020408163265306124	0.003816793893129771	0.00020554984583761563	0.003816793893129771	0.00023282887077997672	0.0	0.0	0.0	0.0	0.0	0.0	0.0	0.0	0.0	0.0	0.0	0.0	0.0	0.0	0.0	0.0	0.0	0.0	0.0	0.0	0.0	0.0	0.0	0.0	0.0	0.0	0.0	0.0	0.0	0.0	0.0	0.0	0.0	0.0	0.0	0.0	0.0	0.0	0.0	0.0	0.0	0.0	0.0	0.0	0.0	0.0	0.0	0.0	54.51	0.55	139
300486175	4	4	4	4	4	4	396	15	26.4	4.12	75	0.3181818181818182	0.018375382820475426	0.06818181818181818	0.00423861852433281	0.047979797979797977	0.0032312925170068026	0.012626262626262626	0.0010277492291880781	0.0025252525252525255	0.00023282887077997672	0.0025252525252525255	0.00024378352023403217	0.0	0.0	0.0	0.0	0.0025252525252525255	0.00031289111389236547	0.0	0.0	0.0	0.0	0.0	0.0	0.0	0.0	0.0	0.0	0.0	0.0	0.0	0.0	0.0	0.0	0.0	0.0	0.0	0.0	0.0	0.0	0.0	0.0	0.0	0.0	0.0	0.0	0.0	0.0	0.0	0.0	0.0	0.0	0.0	0.0	0.0025252525252525255	0.00016545334215751158	0.0025252525252525255	0.0008703220191470844	55.77	0.56	203
300436199	4	2	4	4	4	4	357	11	32.45454545454545	3.34	67	0.2857142857142857	0.014875309902289632	0.08683473389355742	0.004866562009419153	0.04201680672268908	0.002551020408163265	0.0056022408963585435	0.00041109969167523125	0.0056022408963585435	0.00046565774155995343	0.0028011204481792717	0.00024378352023403217	0.0	0.0	0.0	0.0	0.0	0.0	0.0	0.0	0.0	0.0	0.0	0.0	0.0	0.0	0.0	0.0	0.0	0.0	0.0	0.0	0.0	0.0	0.0	0.0	0.0	0.0	0.0	0.0	0.0	0.0	0.0	0.0	0.0	0.0	0.0	0.0	0.0	0.0	0.0	0.0	0.0	0.0	0.0	0.0	0.0	0.0	51.37	0.51	169
300443203	3	2	3	3	3	3	231	17	13.588235294117647	8.17	52	0.31601731601731603	0.010646055126148461	0.11255411255411256	0.004081632653061225	0.06493506493506493	0.002551020408163265	0.008658008658008658	0.00041109969167523125	0.0	0.0	0.0	0.0	0.0	0.0	0.0	0.0	0.0	0.0	0.0	0.0	0.0	0.0	0.0	0.0	0.0	0.0	0.0	0.0	0.0	0.0	0.0	0.0	0.0	0.0	0.0	0.0	0.0	0.0	0.0	0.0	0.0	0.0	0.0	0.0	0.0	0.0	0.0	0.0	0.0	0.0	0.0	0.0	0.0	0.0	0.0	0.0	0.0	0.0	61.06	0.61	127
300446328	4	3	4	4	4	4	393	18	21.833333333333332	5.13	32	0.25190839694656486	0.014437800787516407	0.03816793893129771	0.002354788069073783	0.015267175572519083	0.0010204081632653062	0.002544529262086514	0.00020554984583761563	0.0	0.0	0.0	0.0	0.0	0.0	0.0	0.0	0.0	0.0	0.0	0.0	0.0	0.0	0.0	0.0	0.0	0.0	0.0	0.0	0.0	0.0	0.0	0.0	0.0	0.0	0.0	0.0	0.0	0.0	0.0	0.0	0.0	0.0	0.0	0.0	0.0	0.0	0.0	0.0	0.0	0.0	0.0	0.0	0.0	0.0	0.0	0.0	0.0	0.0	37.61	0.38	132
300400010	3	3	4	3	3	3	349	14	24.928571428571427	4.31	38	0.2492836676217765	0.01268776432842351	0.03724928366762178	0.0020408163265306124	0.03151862464183381	0.0018707482993197278	0.0	0.0	0.0	0.0	0.0	0.0	0.0	0.0	0.0	0.0	0.0	0.0	0.0	0.0	0.0	0.0	0.0	0.0	0.0	0.0	0.0	0.0	0.0	0.0	0.0	0.0	0.0	0.0	0.0	0.0	0.0	0.0	0.0	0.0	0.0	0.0	0.0	0.0	0.0	0.0	0.0	0.0	0.0	0.0	0.0	0.0	0.0	0.0	0.0	0.0	0.0	0.0	36.31	0.36	118
300441214	4	3	4	4	4	4	296	11	26.90909090909091	3.96	40	0.27364864864864863	0.01181274609887706	0.060810810810810814	0.00282574568288854	0.04391891891891892	0.002210884353741497	0.0033783783783783786	0.00020554984583761563	0.0	0.0	0.0	0.0	0.0	0.0	0.0	0.0	0.0	0.0	0.0	0.0	0.0	0.0	0.0	0.0	0.0	0.0	0.0	0.0	0.0	0.0	0.006756756756756757	0.0009587727708533077	0.0	0.0	0.0	0.0	0.0	0.0	0.0	0.0	0.0	0.0	0.0	0.0	0.0	0.0	0.0	0.0	0.0	0.0	0.0	0.0	0.0	0.0	0.0	0.0	0.0	0.0	44.96	0.45	125
300446492	4	4	4	4	4	4	358	10	35.8	3.04	47	0.2541899441340782	0.013271109814787808	0.06424581005586592	0.003610675039246468	0.0223463687150838	0.0013605442176870747	0.002793296089385475	0.00020554984583761563	0.0	0.0	0.0	0.0	0.0	0.0	0.0	0.0	0.0	0.0	0.0	0.0	0.0	0.0	0.0	0.0	0.0	0.0	0.0	0.0	0.0	0.0	0.0	0.0	0.0	0.0	0.0	0.0	0.0	0.0	0.0	0.0	0.0	0.0	0.0	0.0	0.0	0.0	0.0	0.0	0.0	0.0	0.0	0.0	0.0	0.0	0.0	0.0	0.0	0.0	41.03	0.41	135
300451442	4	4	4	4	4	3	402	16	25.125	4.31	41	0.23134328358208955	0.013562782557969957	0.04228855721393035	0.0026687598116169543	0.017412935323383085	0.0011904761904761906	0.0	0.0	0.0	0.0	0.0	0.0	0.0	0.0	0.0	0.0	0.0	0.0	0.0	0.0	0.0	0.0	0.0	0.0	0.0	0.0	0.0	0.0	0.0	0.0	0.0	0.0	0.0	0.0	0.0	0.0	0.0	0.0	0.0	0.0	0.0	0.0	0.0	0.0	0.0	0.0	0.0	0.0	0.0	0.0	0.0	0.0	0.0	0.0	0.0	0.0	0.0	0.0	35.04	0.35	130
300456377	5	4	5	5	5	5	358	11	32.54545454545455	3.23	78	0.30446927374301674	0.015896164503427155	0.12849162011173185	0.007221350078492936	0.05027932960893855	0.003061224489795918	0.01675977653631285	0.0012332990750256938	0.0	0.0	0.0	0.0	0.002793296089385475	0.0002718129926610492	0.0	0.0	0.0	0.0	0.0	0.0	0.0	0.0	0.0	0.0	0.0	0.0	0.0	0.0	0.0	0.0	0.0	0.0	0.0	0.0	0.0	0.0	0.0	0.0	0.0	0.0	0.0	0.0	0.0	0.0	0.0	0.0	0.0	0.0	0.0	0.0	0.0	0.0	0.0	0.0	0.0	0.0	0.0	0.0	55.43	0.55	189
300462744	4	4	5	4	4	4	538	15	35.86666666666667	3.01	43	0.20631970260223048	0.016187837246609306	0.040892193308550186	0.003453689167974882	0.022304832713754646	0.0020408163265306124	0.0	0.0	0.0	0.0	0.0	0.0	0.0	0.0	0.0	0.0	0.0	0.0	0.0	0.0	0.0	0.0	0.0	0.0	0.0	0.0	0.0	0.0	0.0	0.0	0.0	0.0	0.0	0.0	0.0	0.0	0.0	0.0	0.0	0.0	0.0	0.0	0.0	0.0	0.0	0.0	0.0	0.0	0.0	0.0	0.0	0.0	0.0	0.0	0.0018587360594795538	0.00016545334215751158	0.0	0.0	31.12	0.31	155
300462939	5	5	5	5	5	5	427	16	26.6875	4.06	55	0.24121779859484777	0.015021146273880705	0.06791569086651054	0.004552590266875981	0.0351288056206089	0.002551020408163265	0.00234192037470726	0.00020554984583761563	0.0	0.0	0.0	0.0	0.0	0.0	0.0	0.0	0.0	0.0	0.0	0.0	0.0	0.0	0.0	0.0	0.0	0.0	0.0	0.0	0.0	0.0	0.0	0.0	0.0	0.0	0.0	0.0	0.0	0.0	0.0	0.0	0.0	0.0	0.0	0.0	0.0	0.0	0.0	0.0	0.0	0.0	0.0	0.0	0.0	0.0	0.0	0.0	0.0	0.0	40.61	0.41	160
300465371	3	3	3	3	3	3	367	9	40.77777777777778	2.69	21	0.21525885558583105	0.01152107335569491	0.01907356948228883	0.001098901098901099	0.013623978201634877	0.0008503401360544217	0.0	0.0	0.0	0.0	0.0	0.0	0.0	0.0	0.0	0.0	0.0	0.0	0.0	0.0	0.0	0.0	0.0	0.0	0.0	0.0	0.0	0.0	0.0	0.0	0.0	0.0	0.0	0.0	0.0	0.0	0.0	0.0	0.0	0.0	0.0	0.0	0.0	0.0	0.0	0.0	0.0	0.0	0.0	0.0	0.0	0.0	0.0	0.0	0.0	0.0	0.0	0.0	30.24	0.3	101
300470886	3	3	4	4	4	3	328	10	32.8	3.22	28	0.23780487804878048	0.011375236984103835	0.042682926829268296	0.002197802197802198	0.021341463414634148	0.0011904761904761906	0.0	0.0	0.0	0.0	0.0	0.0	0.0	0.0	0.0	0.0	0.0	0.0	0.0	0.0	0.0	0.0	0.0	0.0	0.0	0.0	0.0	0.0	0.0	0.0	0.0	0.0	0.0	0.0	0.0	0.0	0.0	0.0	0.0	0.0	0.0	0.0	0.0	0.0	0.0	0.0	0.0	0.0	0.0	0.0	0.0	0.0	0.0	0.0	0.0	0.0	0.0	0.0	35.69	0.36	111
300474317	4	4	4	4	4	4	322	12	26.833333333333332	3.97	32	0.2888198757763975	0.013562782557969957	0.062111801242236024	0.0031397174254317113	0.031055900621118012	0.0017006802721088435	0.003105590062111801	0.00020554984583761563	0.0	0.0	0.0	0.0	0.0	0.0	0.0	0.0	0.0	0.0	0.0	0.0	0.0	0.0	0.0	0.0	0.0	0.0	0.0	0.0	0.0	0.0	0.0	0.0	0.0	0.0	0.0	0.0	0.0	0.0	0.0	0.0	0.0	0.0	0.0	0.0	0.0	0.0	0.0	0.0	0.0	0.0	0.0	0.0	0.0	0.0	0.0	0.0	0.0	0.0	43.05	0.43	130
300467528	3	4	3	3	4	3	442	22	20.09090909090909	5.34	55	0.24434389140271492	0.01575032813183608	0.08144796380090498	0.00565149136577708	0.03167420814479638	0.002380952380952381	0.0	0.0	0.0	0.0	0.0	0.0	0.0	0.0	0.0	0.0	0.0	0.0	0.0	0.0	0.0	0.0	0.0	0.0	0.0	0.0	0.0	0.0	0.0	0.0	0.0	0.0	0.0	0.0	0.0	0.0	0.0	0.0	0.0	0.0	0.0	0.0	0.0	0.0	0.0	0.0	0.0	0.0	0.0	0.0	0.0	0.0	0.0	0.0	0.0	0.0	0.0	0.0	41.02	0.41	169
300468373	5	5	5	5	5	5	446	13	34.30769230769231	3.09	74	0.2982062780269058	0.01939623742161295	0.05605381165919283	0.003924646781789639	0.033632286995515695	0.002551020408163265	0.002242152466367713	0.00020554984583761563	0.0	0.0	0.0	0.0	0.0	0.0	0.0	0.0	0.0	0.0	0.0	0.0	0.0	0.0	0.0	0.0	0.0	0.0	0.0	0.0	0.0	0.0	0.0	0.0	0.0	0.0	0.0	0.0	0.0	0.0	0.0	0.0	0.0	0.0	0.0	0.0	0.0	0.0	0.0	0.0	0.0	0.0	0.0	0.0	0.0	0.0	0.0	0.0	0.0	0.0	43.94	0.44	185
300470595	4	4	4	4	4	4	444	20	22.2	4.77	30	0.24549549549549549	0.015896164503427155	0.02702702702702703	0.0018838304552590266	0.013513513513513514	0.0010204081632653062	0.0	0.0	0.0	0.0	0.0	0.0	0.0	0.0	0.0	0.0	0.0	0.0	0.0	0.0	0.0	0.0	0.0	0.0	0.0	0.0	0.0	0.0	0.0	0.0	0.0	0.0	0.0	0.0	0.0	0.0	0.0	0.0	0.0	0.0	0.0	0.0	0.0	0.0	0.0	0.0	0.0	0.0	0.0	0.0	0.0	0.0	0.0	0.0	0.0	0.0	0.0	0.0	32.46	0.32	136
300475607	4	4	4	4	4	4	374	18	20.77777777777778	5.26	39	0.2700534759358289	0.014729473530698556	0.05080213903743316	0.0029827315541601255	0.026737967914438502	0.0017006802721088435	0.0	0.0	0.0	0.0	0.0	0.0	0.00267379679144385	0.0002718129926610492	0.0	0.0	0.0	0.0	0.0	0.0	0.0	0.0	0.0	0.0	0.0	0.0	0.0	0.0	0.0	0.0	0.0	0.0	0.0	0.0	0.0	0.0	0.0	0.0	0.0	0.0	0.0	0.0	0.0	0.0	0.0	0.0	0.0	0.0	0.0	0.0	0.0	0.0	0.0	0.0	0.0	0.0	0.0	0.0	41.23	0.41	141
300475609	4	4	5	5	4	4	424	19	22.31578947368421	4.85	35	0.25943396226415094	0.01604200087501823	0.02358490566037736	0.0015698587127158557	0.01650943396226415	0.0011904761904761906	0.0	0.0	0.0	0.0	0.0	0.0	0.0	0.0	0.0	0.0	0.0	0.0	0.0	0.0	0.0	0.0	0.0	0.0	0.0	0.0	0.0	0.0	0.0	0.0	0.0	0.0	0.0	0.0	0.0	0.0	0.0	0.0	0.0	0.0	0.0	0.0	0.0	0.0	0.0	0.0	0.0	0.0	0.0	0.0	0.0	0.0	0.0	0.0	0.0	0.0	0.0	0.0	33.67	0.34	132
300476894	4	4	4	4	4	4	396	15	26.4	4.09	48	0.255050505050505	0.014729473530698556	0.05808080808080808	0.003610675039246468	0.03282828282828283	0.002210884353741497	0.0	0.0	0.0	0.0	0.0025252525252525255	0.00024378352023403217	0.0025252525252525255	0.0002718129926610492	0.0	0.0	0.0	0.0	0.0	0.0	0.0	0.0	0.0	0.0	0.0	0.0	0.0	0.0	0.0	0.0	0.0	0.0	0.0	0.0	0.0	0.0	0.0	0.0	0.0	0.0	0.0	0.0	0.0	0.0	0.0	0.0	0.0	0.0	0.0	0.0	0.0	0.0	0.0	0.0	0.0	0.0	0.0	0.0	40.05	0.4	147
300479587	4	4	4	4	4	4	433	20	21.65	4.93	41	0.19399538106235567	0.012250255213650285	0.04849884526558892	0.0032967032967032967	0.02771362586605081	0.0020408163265306124	0.0023094688221709007	0.00020554984583761563	0.0	0.0	0.0	0.0	0.0023094688221709007	0.0002718129926610492	0.0	0.0	0.0	0.0	0.0	0.0	0.0	0.0	0.0	0.0	0.0	0.0	0.0	0.0	0.0	0.0	0.0	0.0	0.0	0.0	0.0	0.0	0.0	0.0	0.0	0.0	0.0	0.0	0.0	0.0	0.0	0.0	0.0	0.0	0.0	0.0	0.0	0.0	0.0	0.0	0.0	0.0	0.0	0.0	32.27	0.32	131
300485726	4	4	4	4	4	4	286	7	40.857142857142854	2.47	40	0.3006993006993007	0.012541927956832434	0.04195804195804196	0.0018838304552590266	0.027972027972027972	0.0013605442176870747	0.0	0.0	0.0034965034965034965	0.00023282887077997672	0.0	0.0	0.0	0.0	0.0	0.0	0.0	0.0	0.0	0.0	0.0	0.0	0.0	0.0	0.0	0.0	0.0	0.0	0.0	0.0	0.0	0.0	0.0	0.0	0.0	0.0	0.0	0.0	0.0	0.0	0.0	0.0	0.0	0.0	0.0	0.0	0.0	0.0	0.0	0.0	0.0	0.0	0.0	0.0	0.0	0.0	0.0	0.0	42.76	0.43	121
300485728	5	5	4	5	5	5	416	13	32.0	3.31	54	0.25	0.015166982645471781	0.05048076923076923	0.0032967032967032967	0.036057692307692304	0.002551020408163265	0.0	0.0	0.004807692307692308	0.00046565774155995343	0.0	0.0	0.0	0.0	0.0	0.0	0.0	0.0	0.0	0.0	0.0	0.0	0.0	0.0	0.0	0.0	0.0	0.0	0.0	0.0	0.0	0.0	0.0	0.0	0.0	0.0	0.0	0.0	0.0	0.0	0.0	0.0	0.002403846153846154	0.000649772579597141	0.0	0.0	0.0	0.0	0.0	0.0	0.0	0.0	0.0	0.0	0.0	0.0	0.0	0.0	39.44	0.39	155
300055462	3	3	3	2	4	3	230	7	32.857142857142854	3.37	41	0.3347826086956522	0.011229400612512761	0.0782608695652174	0.00282574568288854	0.0391304347826087	0.001530612244897959	0.0	0.0	0.004347826086956522	0.00023282887077997672	0.0	0.0	0.0	0.0	0.008695652173913044	0.000584966364434045	0.0	0.0	0.0	0.0	0.0	0.0	0.0	0.0	0.0	0.0	0.0	0.0	0.0	0.0	0.0	0.0	0.0	0.0	0.0	0.0	0.0	0.0	0.0	0.0	0.0	0.0	0.0	0.0	0.0	0.0	0.0	0.0	0.0	0.0	0.0	0.0	0.0	0.0	0.004347826086956522	0.00016545334215751158	0.0	0.0	56.73	0.57	118
300400011	3	3	3	3	4	3	357	17	21.0	5.18	63	0.28851540616246496	0.015021146273880705	0.08403361344537816	0.004709576138147566	0.058823529411764705	0.0035714285714285713	0.0028011204481792717	0.00020554984583761563	0.0028011204481792717	0.00023282887077997672	0.0	0.0	0.0	0.0	0.0	0.0	0.0	0.0	0.0	0.0	0.0	0.0	0.0	0.0	0.0	0.0	0.0	0.0	0.0	0.0	0.0	0.0	0.0	0.0	0.0	0.0	0.0	0.0	0.0	0.0	0.0	0.0	0.0	0.0	0.0	0.0	0.0	0.0	0.0	0.0	0.0	0.0	0.0	0.0	0.0	0.0	0.0	0.0	50.61	0.51	166
300435089	4	4	3	4	4	4	338	13	26.0	4.1	63	0.3136094674556213	0.01545865538865393	0.08284023668639054	0.004395604395604396	0.0621301775147929	0.0035714285714285713	0.0029585798816568047	0.00020554984583761563	0.0	0.0	0.0	0.0	0.0	0.0	0.0	0.0	0.0	0.0	0.0	0.0	0.0	0.0	0.0	0.0	0.0	0.0	0.0	0.0	0.0	0.0	0.0029585798816568047	0.00047938638542665386	0.0	0.0	0.0	0.0	0.0	0.0	0.0	0.0	0.0	0.0	0.0	0.0	0.0	0.0	0.0	0.0	0.0	0.0	0.0	0.0	0.0	0.0	0.0	0.0	0.0	0.0	52.37	0.52	166
300438545	4	3	4	4	4	3	329	11	29.90909090909091	3.45	39	0.2674772036474164	0.012833600700014583	0.05167173252279635	0.0026687598116169543	0.03343465045592705	0.0018707482993197278	0.0	0.0	0.0	0.0	0.0	0.0	0.0	0.0	0.0	0.0	0.0	0.0	0.0	0.0	0.0	0.0	0.0	0.0	0.0	0.0	0.0	0.0	0.0	0.0	0.0	0.0	0.0	0.0	0.0	0.0	0.0	0.0	0.0	0.0	0.0	0.0	0.0	0.0	0.0	0.0	0.0	0.0	0.0	0.0	0.0	0.0	0.0	0.0	0.0	0.0	0.0	0.0	39.81	0.4	127
300446586	4	4	4	4	4	4	331	14	23.642857142857142	4.52	63	0.256797583081571	0.012396091585241359	0.06948640483383686	0.003610675039246468	0.06948640483383686	0.0039115646258503405	0.00906344410876133	0.0006166495375128469	0.0	0.0	0.006042296072507553	0.00048756704046806434	0.0	0.0	0.0	0.0	0.0	0.0	0.0	0.0	0.0	0.0	0.0	0.0	0.0	0.0	0.0	0.0	0.0	0.0	0.0	0.0	0.0	0.0	0.0	0.0	0.0	0.0	0.0	0.0	0.0	0.0	0.0	0.0	0.0	0.0	0.0	0.0	0.0	0.0	0.0	0.0	0.0	0.0	0.0	0.0	0.0	0.0	49.03	0.49	152
300446933	3	2	3	3	3	3	408	15	27.2	3.99	43	0.29901960784313725	0.017792037334111128	0.041666666666666664	0.0026687598116169543	0.031862745098039214	0.002210884353741497	0.007352941176470588	0.0006166495375128469	0.0	0.0	0.0	0.0	0.0	0.0	0.0	0.0	0.0	0.0	0.0	0.0	0.0	0.0	0.0	0.0	0.0	0.0	0.0	0.0	0.0	0.0	0.0	0.0	0.0	0.0	0.0	0.0	0.0	0.0	0.0	0.0	0.0	0.0	0.0	0.0	0.0	0.0	0.0	0.0	0.0	0.0	0.0	0.0	0.0	0.0	0.0	0.0	0.0	0.0	43.88	0.44	165
300446950	3	3	3	4	3	3	415	10	41.5	2.6	36	0.236144578313253	0.014291964415925331	0.03855421686746988	0.002511773940345369	0.01927710843373494	0.0013605442176870747	0.0024096385542168677	0.00020554984583761563	0.0	0.0	0.0	0.0	0.0	0.0	0.0	0.0	0.0	0.0	0.0	0.0	0.0	0.0	0.0	0.0	0.0	0.0	0.0	0.0	0.0	0.0	0.0	0.0	0.0	0.0	0.0	0.0	0.0	0.0	0.0	0.0	0.0	0.0	0.0	0.0	0.0	0.0	0.0	0.0	0.0	0.0	0.0	0.0	0.0	0.0	0.0	0.0	0.0	0.0	34.9	0.35	134
300453068	5	4	5	5	5	4	386	12	32.166666666666664	3.37	56	0.24870466321243523	0.014000291672743182	0.06217616580310881	0.0037676609105180532	0.038860103626943004	0.002551020408163265	0.007772020725388601	0.0006166495375128469	0.0	0.0	0.0025906735751295338	0.00024378352023403217	0.0	0.0	0.0	0.0	0.0	0.0	0.0	0.0	0.0	0.0	0.0	0.0	0.0	0.0	0.0	0.0	0.0	0.0	0.0	0.0	0.0	0.0	0.0	0.0	0.0	0.0	0.0	0.0	0.0	0.0	0.0	0.0	0.0	0.0	0.0	0.0	0.0	0.0	0.0	0.0	0.0	0.0	0.0	0.0	0.0	0.0	41.57	0.42	148
300455780	4	4	4	5	5	4	393	16	24.5625	4.38	63	0.1984732824427481	0.011375236984103835	0.07124681933842239	0.004395604395604396	0.06870229007633588	0.004591836734693878	0.002544529262086514	0.00020554984583761563	0.0	0.0	0.002544529262086514	0.00024378352023403217	0.0	0.0	0.0	0.0	0.0	0.0	0.0	0.0	0.0	0.0	0.0	0.0	0.0	0.0	0.0	0.0	0.0	0.0	0.0	0.0	0.0	0.0	0.0	0.0	0.0	0.0	0.0	0.0	0.0	0.0	0.0	0.0	0.0	0.0	0.0	0.0	0.0	0.0	0.0	0.0	0.0	0.0	0.0	0.0	0.0	0.0	39.45	0.39	144
300458321	4	4	4	4	4	4	357	13	27.46153846153846	3.89	36	0.24369747899159663	0.01268776432842351	0.04481792717086835	0.002511773940345369	0.03081232492997199	0.0018707482993197278	0.0	0.0	0.0	0.0	0.0	0.0	0.0	0.0	0.0	0.0	0.0	0.0	0.0	0.0	0.0	0.0	0.0	0.0	0.0	0.0	0.0	0.0	0.0	0.0	0.0	0.0	0.0	0.0	0.0	0.0	0.0	0.0	0.0	0.0	0.0	0.0	0.0	0.0	0.0	0.0	0.0	0.0	0.0	0.0	0.0	0.0	0.0	0.0	0.0	0.0	0.0	0.0	36.83	0.37	123
300465369	4	4	4	4	4	3	299	11	27.181818181818183	3.93	24	0.27759197324414714	0.01210441884205921	0.026755852842809364	0.0012558869701726845	0.033444816053511704	0.0017006802721088435	0.0	0.0	0.0	0.0	0.0	0.0	0.0	0.0	0.0	0.0	0.0	0.0	0.0	0.0	0.0	0.0	0.0	0.0	0.0	0.0	0.0	0.0	0.0	0.0	0.0	0.0	0.0	0.0	0.0	0.0	0.0	0.0	0.0	0.0	0.0	0.0	0.0	0.0	0.0	0.0	0.0	0.0	0.0	0.0	0.0	0.0	0.0	0.0	0.0	0.0	0.0	0.0	38.57	0.39	108
300474288	3	3	3	3	3	3	348	3	116.0	0.87	35	0.32471264367816094	0.016479509989791453	0.017241379310344827	0.0009419152276295133	0.017241379310344827	0.0010204081632653062	0.0028735632183908046	0.00020554984583761563	0.0	0.0	0.0	0.0	0.0	0.0	0.0	0.0	0.0	0.0	0.0	0.0	0.0	0.0	0.0	0.0	0.0	0.0	0.0	0.0	0.0	0.0	0.0	0.0	0.0	0.0	0.0028735632183908046	0.000517063081695967	0.0	0.0	0.0	0.0	0.0	0.0	0.0	0.0	0.0	0.0	0.0	0.0	0.0	0.0	0.0	0.0	0.0	0.0	0.0028735632183908046	0.00016545334215751158	0.0	0.0	43.35	0.43	150
300476203	3	2	4	3	3	3	369	18	20.5	5.49	45	0.21951219512195122	0.01181274609887706	0.05420054200542006	0.0031397174254317113	0.005420054200542005	0.0003401360544217687	0.005420054200542005	0.00041109969167523125	0.0	0.0	0.0027100271002710027	0.00024378352023403217	0.0	0.0	0.0	0.0	0.0	0.0	0.0	0.0	0.0	0.0	0.0	0.0	0.0	0.0	0.0	0.0	0.0	0.0	0.0	0.0	0.0	0.0	0.0	0.0	0.0	0.0	0.0	0.0	0.0	0.0	0.0	0.0	0.0	0.0	0.0	0.0	0.0	0.0	0.0027100271002710027	4.462492748449284e-05	0.0	0.0	0.0027100271002710027	0.00016545334215751158	0.0	0.0	36.89	0.37	121
300478184	3	3	4	4	3	3	363	14	25.928571428571427	4.08	53	0.31129476584022037	0.016479509989791453	0.05785123966942149	0.0032967032967032967	0.03856749311294766	0.002380952380952381	0.0	0.0	0.0027548209366391185	0.00023282887077997672	0.0	0.0	0.0	0.0	0.0	0.0	0.0	0.0	0.0	0.0	0.0	0.0	0.0	0.0	0.0	0.0	0.0	0.0	0.0	0.0	0.0	0.0	0.0	0.0	0.0	0.0	0.0	0.0	0.0	0.0	0.0	0.0	0.0	0.0	0.0	0.0	0.0	0.0	0.0	0.0	0.0	0.0	0.0	0.0	0.005509641873278237	0.00033090668431502316	0.0	0.0	48.1	0.48	165
300478187	3	3	3	4	3	3	457	21	21.761904761904763	4.98	34	0.23851203501094093	0.015896164503427155	0.037199124726477024	0.0026687598116169543	0.0175054704595186	0.0013605442176870747	0.0	0.0	0.0	0.0	0.0	0.0	0.0	0.0	0.0	0.0	0.0	0.0	0.0	0.0	0.0	0.0	0.0	0.0	0.0	0.0	0.0	0.0	0.0	0.0	0.0	0.0	0.0	0.0	0.0	0.0	0.0	0.0	0.0	0.0	0.0	0.0	0.0	0.0	0.0	0.0	0.0	0.0	0.0	0.0	0.0	0.0	0.0	0.0	0.0	0.0	0.0	0.0	34.36	0.34	145
300485722	3	3	3	3	4	3	470	20	23.5	4.43	65	0.23404255319148937	0.01604200087501823	0.059574468085106386	0.004395604395604396	0.029787234042553193	0.002380952380952381	0.0	0.0	0.0	0.0	0.0	0.0	0.0	0.0	0.0	0.0	0.0	0.0	0.0	0.0	0.0	0.0	0.0	0.0	0.0	0.0	0.0	0.0	0.0	0.0	0.0	0.0	0.0	0.0	0.0	0.0	0.0	0.0	0.0	0.0	0.0	0.0	0.0	0.0	0.0	0.0	0.0	0.0	0.0	0.0	0.002127659574468085	4.462492748449284e-05	0.0	0.0	0.00425531914893617	0.00033090668431502316	0.0	0.0	37.69	0.38	170
300446938	4	4	4	4	4	4	569	28	20.321428571428573	5.36	54	0.19332161687170474	0.01604200087501823	0.043936731107205626	0.003924646781789639	0.02460456942003515	0.002380952380952381	0.0017574692442882249	0.00020554984583761563	0.0	0.0	0.0	0.0	0.0	0.0	0.0	0.0	0.0	0.0	0.0	0.0	0.0	0.0	0.0	0.0	0.0	0.0	0.0	0.0	0.0	0.0	0.0	0.0	0.0	0.0	0.0	0.0	0.0	0.0	0.0	0.0	0.0	0.0	0.0	0.0	0.0	0.0	0.0	0.0	0.0	0.0	0.0	0.0	0.0	0.0	0.0	0.0	0.0	0.0	31.03	0.31	162
300451427	5	4	5	5	4	5	315	11	28.636363636363637	3.68	42	0.23492063492063492	0.010791891497739537	0.05396825396825397	0.0026687598116169543	0.06666666666666667	0.0035714285714285713	0.0	0.0	0.0	0.0	0.0	0.0	0.0	0.0	0.0	0.0	0.0	0.0	0.0031746031746031746	0.00033534540576794097	0.0	0.0	0.0	0.0	0.0	0.0	0.0	0.0	0.0	0.0	0.0	0.0	0.0	0.0	0.0	0.0	0.0	0.0	0.0	0.0	0.0	0.0	0.0	0.0	0.0	0.0	0.0	0.0	0.0	0.0	0.0	0.0	0.0	0.0	0.0	0.0	0.0	0.0	40.47	0.4	121
300457114	4	4	4	4	4	4	407	13	31.307692307692307	3.44	61	0.23587223587223588	0.014000291672743182	0.085995085995086	0.005494505494505495	0.03194103194103194	0.002210884353741497	0.002457002457002457	0.00020554984583761563	0.0	0.0	0.007371007371007371	0.0007313505607020966	0.0	0.0	0.0	0.0	0.0	0.0	0.0	0.0	0.0	0.0	0.0	0.0	0.0	0.0	0.0	0.0	0.0	0.0	0.0	0.0	0.0	0.0	0.0	0.0	0.0	0.0	0.0	0.0	0.0	0.0	0.0	0.0	0.0	0.0	0.0	0.0	0.0	0.0	0.0	0.0	0.0	0.0	0.002457002457002457	0.00016545334215751158	0.0	0.0	41.53	0.42	157
300457871	5	5	5	5	5	5	536	24	22.333333333333332	4.82	96	0.19029850746268656	0.014875309902289632	0.061567164179104475	0.005180533751962323	0.05783582089552239	0.005272108843537415	0.013059701492537313	0.0014388489208633094	0.0037313432835820895	0.00046565774155995343	0.0018656716417910447	0.00024378352023403217	0.0037313432835820895	0.0005436259853220984	0.0018656716417910447	0.0002924831822170225	0.0	0.0	0.0	0.0	0.0	0.0	0.0	0.0	0.0	0.0	0.0	0.0	0.0	0.0	0.0	0.0	0.0	0.0	0.0	0.0	0.0	0.0	0.0	0.0	0.0	0.0	0.0	0.0	0.0	0.0	0.0	0.0	0.0	0.0	0.0	0.0	0.0	0.0	0.0	0.0	0.0	0.0	39.16	0.39	195
300469240	2	2	3	3	3	3	236	11	21.454545454545453	4.98	39	0.3432203389830508	0.01181274609887706	0.059322033898305086	0.002197802197802198	0.025423728813559324	0.0010204081632653062	0.012711864406779662	0.0006166495375128469	0.00423728813559322	0.00023282887077997672	0.00423728813559322	0.00024378352023403217	0.0	0.0	0.0	0.0	0.0	0.0	0.0	0.0	0.0	0.0	0.00423728813559322	0.00036310820624546115	0.0	0.0	0.0	0.0	0.0	0.0	0.0	0.0	0.0	0.0	0.0	0.0	0.0	0.0	0.0	0.0	0.0	0.0	0.0	0.0	0.0	0.0	0.0	0.0	0.0	0.0	0.0	0.0	0.0	0.0	0.0	0.0	0.0	0.0	52.94	0.53	117
300470958	4	4	3	4	4	4	396	15	26.4	4.11	72	0.27525252525252525	0.015896164503427155	0.08585858585858586	0.005337519623233909	0.04040404040404041	0.0027210884353741495	0.0025252525252525255	0.00020554984583761563	0.0025252525252525255	0.00023282887077997672	0.005050505050505051	0.00048756704046806434	0.0	0.0	0.0	0.0	0.0	0.0	0.0	0.0	0.0	0.0	0.0	0.0	0.0	0.0	0.0	0.0	0.0	0.0	0.0	0.0	0.0	0.0	0.0	0.0	0.0	0.0	0.0	0.0	0.0	0.0	0.0	0.0	0.0	0.0	0.0	0.0	0.0	0.0	0.0025252525252525255	4.462492748449284e-05	0.0	0.0	0.0	0.0	0.0	0.0	50.96	0.51	186
300471151	4	3	4	4	4	4	414	19	21.789473684210527	5.0	56	0.23429951690821257	0.014146128044334258	0.0748792270531401	0.004866562009419153	0.033816425120772944	0.002380952380952381	0.004830917874396135	0.00041109969167523125	0.0	0.0	0.0	0.0	0.0	0.0	0.0	0.0	0.0	0.0	0.0	0.0	0.0	0.0	0.0	0.0	0.0	0.0	0.0	0.0	0.0	0.0	0.0	0.0	0.0	0.0	0.0	0.0	0.0	0.0	0.0	0.0	0.0	0.0	0.0	0.0	0.0	0.0	0.0	0.0	0.0	0.0	0.0	0.0	0.0	0.0	0.0	0.0	0.0	0.0	40.26	0.4	153
300471155	4	3	4	4	4	4	320	12	26.666666666666668	4.07	52	0.2625	0.012250255213650285	0.046875	0.002354788069073783	0.053125	0.002891156462585034	0.003125	0.00020554984583761563	0.003125	0.00023282887077997672	0.0	0.0	0.0	0.0	0.0	0.0	0.0	0.0	0.0	0.0	0.0	0.0	0.0	0.0	0.0	0.0	0.0	0.0	0.0	0.0	0.0	0.0	0.0	0.0	0.0	0.0	0.0	0.0	0.0	0.0	0.0	0.0	0.0	0.0	0.0	0.0	0.0	0.0	0.0	0.0	0.0	0.0	0.0	0.0	0.0	0.0	0.0	0.0	43.39	0.43	128
300475608	5	4	4	5	4	4	434	15	28.933333333333334	3.72	75	0.2926267281105991	0.0185212191920665	0.07603686635944701	0.005180533751962323	0.04838709677419355	0.0035714285714285713	0.01152073732718894	0.0010277492291880781	0.004608294930875576	0.00046565774155995343	0.002304147465437788	0.00024378352023403217	0.0	0.0	0.0	0.0	0.0	0.0	0.0	0.0	0.0	0.0	0.0	0.0	0.0	0.0	0.0	0.0	0.0	0.0	0.0	0.0	0.0	0.0	0.0	0.0	0.0	0.0	0.0	0.0	0.0	0.0	0.0	0.0	0.0	0.0	0.0	0.0	0.0	0.0	0.0	0.0	0.0	0.0	0.0	0.0	0.0	0.0	50.12	0.5	202
300478180	3	2	3	3	3	3	315	17	18.529411764705884	6.03	32	0.3523809523809524	0.016187837246609306	0.031746031746031744	0.0015698587127158557	0.025396825396825397	0.0013605442176870747	0.0	0.0	0.006349206349206349	0.00046565774155995343	0.0031746031746031746	0.00024378352023403217	0.0	0.0	0.0	0.0	0.0	0.0	0.0	0.0	0.0	0.0	0.0	0.0	0.0	0.0	0.0	0.0	0.0	0.0	0.0	0.0	0.0	0.0	0.0	0.0	0.0	0.0	0.0	0.0	0.0	0.0	0.0	0.0	0.0	0.0	0.0	0.0	0.0	0.0	0.0	0.0	0.0	0.0	0.0	0.0	0.0	0.0	50.71	0.51	143
300476975	3	3	3	3	3	3	229	13	17.615384615384617	6.13	25	0.27510917030567683	0.009187691410237713	0.034934497816593885	0.0012558869701726845	0.039301310043668124	0.001530612244897959	0.0	0.0	0.0	0.0	0.0	0.0	0.0	0.0	0.0	0.0	0.0	0.0	0.0	0.0	0.0	0.0	0.0	0.0	0.0	0.0	0.0	0.0	0.0	0.0	0.0	0.0	0.0	0.0	0.0	0.0	0.0	0.0	0.0	0.0	0.0	0.0	0.0	0.0	0.0	0.0	0.0	0.0	0.0	0.0	0.0	0.0	0.0	0.0	0.0	0.0	0.0	0.0	42.92	0.43	91
300478707	4	4	4	4	4	3	372	16	23.25	4.69	42	0.30913978494623656	0.016771182732973604	0.03494623655913978	0.0020408163265306124	0.026881720430107527	0.0017006802721088435	0.002688172043010753	0.00020554984583761563	0.0	0.0	0.0	0.0	0.0	0.0	0.0	0.0	0.0	0.0	0.0	0.0	0.0	0.0	0.0	0.0	0.0	0.0	0.0	0.0	0.0	0.0	0.0	0.0	0.0	0.0	0.0	0.0	0.0	0.0	0.0	0.0	0.0	0.0	0.0	0.0	0.0	0.0	0.0	0.0	0.0	0.0	0.0	0.0	0.0	0.0	0.0	0.0	0.002688172043010753	0.0008703220191470844	45.45	0.45	155
300479617	4	4	4	3	4	3	723	35	20.65714285714286	5.15	88	0.22130013831258644	0.02333381945457197	0.059474412171507604	0.006750392464678179	0.030428769017980636	0.0037414965986394557	0.005532503457814661	0.0008221993833504625	0.0	0.0	0.0	0.0	0.0	0.0	0.0	0.0	0.0	0.0	0.0	0.0	0.0	0.0	0.0	0.0	0.0	0.0	0.0	0.0	0.0	0.0	0.0	0.0	0.0	0.0	0.0	0.0	0.0	0.0	0.0	0.0	0.0	0.0	0.0	0.0	0.0	0.0	0.0	0.0	0.0	0.0	0.0	0.0	0.0	0.0	0.0013831258644536654	0.00016545334215751158	0.0	0.0	38.38	0.38	261
300447416	4	4	4	5	5	5	379	14	27.071428571428573	3.93	56	0.2532981530343008	0.014000291672743182	0.07387862796833773	0.004395604395604396	0.052770448548812667	0.003401360544217687	0.002638522427440633	0.00020554984583761563	0.005277044854881266	0.00046565774155995343	0.0	0.0	0.0	0.0	0.0	0.0	0.0	0.0	0.0	0.0	0.0	0.0	0.0	0.0	0.0	0.0	0.0	0.0	0.0	0.0	0.0	0.0	0.0	0.0	0.0	0.0	0.0	0.0	0.0	0.0	0.0	0.0	0.0	0.0	0.0	0.0	0.0	0.0	0.0	0.0	0.0	0.0	0.0	0.0	0.0	0.0	0.0	0.0	44.1	0.44	157
300448668	4	4	4	5	4	4	554	19	29.157894736842106	3.61	50	0.16425992779783394	0.013271109814787808	0.05054151624548736	0.004395604395604396	0.02888086642599278	0.0027210884353741495	0.0018050541516245488	0.00020554984583761563	0.0	0.0	0.0	0.0	0.0	0.0	0.0	0.0	0.0	0.0	0.0	0.0	0.0	0.0	0.0	0.0	0.0	0.0	0.0	0.0	0.0	0.0	0.0	0.0	0.0	0.0	0.0	0.0	0.0	0.0	0.0	0.0	0.0	0.0	0.0	0.0	0.0	0.0	0.0	0.0	0.0	0.0	0.0	0.0	0.0	0.0	0.0018050541516245488	0.00016545334215751158	0.0	0.0	27.51	0.28	145
300422495	3	4	3	3	3	3	412	21	19.61904761904762	5.53	38	0.24271844660194175	0.01458363715910748	0.03398058252427184	0.002197802197802198	0.012135922330097087	0.0008503401360544217	0.0	0.0	0.0	0.0	0.0024271844660194173	0.00024378352023403217	0.0	0.0	0.0	0.0	0.0	0.0	0.0	0.0	0.0	0.0	0.0	0.0	0.0	0.0	0.0	0.0	0.0	0.0	0.0	0.0	0.0	0.0	0.0	0.0	0.0	0.0	0.0	0.0	0.0024271844660194173	0.0006056935190793458	0.0	0.0	0.0	0.0	0.0	0.0	0.0	0.0	0.0	0.0	0.0	0.0	0.0	0.0	0.0024271844660194173	0.0008703220191470844	36.58	0.37	139
300446945	4	3	4	3	4	4	341	12	28.416666666666668	3.7	37	0.22580645161290322	0.011229400612512761	0.04985337243401759	0.0026687598116169543	0.01466275659824047	0.0008503401360544217	0.002932551319648094	0.00020554984583761563	0.0	0.0	0.0	0.0	0.0	0.0	0.0	0.0	0.0	0.0	0.0	0.0	0.0	0.0	0.0	0.0	0.0	0.0	0.0	0.0	0.0	0.0	0.0	0.0	0.0	0.0	0.0	0.0	0.0	0.0	0.0	0.0	0.0	0.0	0.0	0.0	0.0	0.0	0.0	0.0	0.0	0.0	0.0	0.0	0.0	0.0	0.0	0.0	0.0	0.0	33.33	0.33	108
300445396	4	3	4	4	4	4	300	12	25.0	4.41	32	0.25333333333333335	0.011083564240921686	0.05333333333333334	0.002511773940345369	0.04	0.0020408163265306124	0.006666666666666667	0.00041109969167523125	0.0	0.0	0.0	0.0	0.0	0.0	0.0	0.0	0.0	0.0	0.0	0.0	0.0	0.0	0.0	0.0	0.0	0.0	0.0	0.0	0.0	0.0	0.0	0.0	0.0	0.0	0.0	0.0	0.0	0.0	0.0	0.0	0.0	0.0	0.0	0.0	0.0	0.0	0.0	0.0	0.0	0.0	0.0	0.0	0.0	0.0	0.0	0.0	0.0	0.0	42.28	0.42	115
300437784	4	3	4	4	4	3	467	23	20.304347826086957	5.49	78	0.22698072805139186	0.01545865538865393	0.0728051391862955	0.005337519623233909	0.032119914346895075	0.002551020408163265	0.004282655246252677	0.00041109969167523125	0.0	0.0	0.004282655246252677	0.00048756704046806434	0.0	0.0	0.0	0.0	0.0	0.0	0.0	0.0	0.0	0.0	0.0	0.0	0.0	0.0	0.0	0.0	0.0	0.0	0.0	0.0	0.0	0.0	0.0	0.0	0.0	0.0	0.0	0.0	0.0	0.0	0.0	0.0	0.0	0.0	0.0	0.0	0.0	0.0	0.0	0.0	0.0	0.0	0.0	0.0	0.0	0.0	43.2	0.43	181
300446941	4	4	4	4	4	4	422	24	17.583333333333332	6.37	62	0.25829383886255924	0.015896164503427155	0.06872037914691943	0.004552590266875981	0.026066350710900472	0.0018707482993197278	0.0	0.0	0.0	0.0	0.0	0.0	0.0	0.0	0.0	0.0	0.0	0.0	0.0	0.0	0.0	0.0	0.0	0.0	0.0	0.0	0.0	0.0	0.0	0.0	0.0	0.0	0.0	0.0	0.0	0.0	0.0	0.0	0.0	0.0	0.0	0.0	0.0	0.0	0.0	0.0	0.0	0.0	0.0	0.0	0.0	0.0	0.0	0.0	0.0	0.0	0.0	0.0	42.71	0.43	161
300446931	4	4	3	4	4	3	481	15	32.06666666666667	3.44	62	0.23492723492723494	0.016479509989791453	0.033264033264033266	0.002511773940345369	0.031185031185031187	0.002551020408163265	0.006237006237006237	0.0006166495375128469	0.004158004158004158	0.00046565774155995343	0.0	0.0	0.0	0.0	0.0	0.0	0.0	0.0	0.0	0.0	0.0	0.0	0.0	0.0	0.0	0.0	0.0	0.0	0.0	0.0	0.0	0.0	0.0	0.0	0.0	0.0	0.0	0.0	0.0	0.0	0.0	0.0	0.0	0.0	0.0	0.0	0.0	0.0	0.0	0.0	0.0	0.0	0.0	0.0	0.004158004158004158	0.00033090668431502316	0.002079002079002079	0.0008703220191470844	40.14	0.4	175
300444606	4	4	3	4	4	3	401	16	25.0625	4.32	65	0.22194513715710723	0.012979437071605659	0.04987531172069826	0.0031397174254317113	0.057356608478802994	0.0039115646258503405	0.004987531172069825	0.00041109969167523125	0.0	0.0	0.0	0.0	0.0	0.0	0.0	0.0	0.0	0.0	0.0	0.0	0.0	0.0	0.0	0.0	0.0	0.0	0.0	0.0	0.0	0.0	0.0	0.0	0.0	0.0	0.0	0.0	0.0	0.0	0.0	0.0	0.0	0.0	0.0	0.0	0.0	0.0	0.0	0.0	0.0	0.0	0.0	0.0	0.0	0.0	0.0	0.0	0.0	0.0	40.54	0.41	150
300473269	3	3	3	3	3	3	456	23	19.82608695652174	5.54	82	0.26535087719298245	0.017646200962520054	0.07236842105263158	0.005180533751962323	0.043859649122807015	0.003401360544217687	0.006578947368421052	0.0006166495375128469	0.0021929824561403508	0.00023282887077997672	0.0021929824561403508	0.00024378352023403217	0.0	0.0	0.0	0.0	0.0	0.0	0.0	0.0	0.0	0.0	0.0	0.0	0.0	0.0	0.0	0.0	0.0	0.0	0.0	0.0	0.0	0.0	0.0	0.0	0.0	0.0	0.0	0.0	0.0	0.0	0.0	0.0	0.0	0.0	0.0	0.0	0.0	0.0	0.0	0.0	0.0	0.0	0.0043859649122807015	0.00033090668431502316	0.0	0.0	49.64	0.5	206
300476977	4	3	3	4	4	4	322	14	23.0	4.68	46	0.2515527950310559	0.01181274609887706	0.055900621118012424	0.00282574568288854	0.027950310559006212	0.001530612244897959	0.015527950310559006	0.0010277492291880781	0.0	0.0	0.003105590062111801	0.00024378352023403217	0.0	0.0	0.0	0.0	0.0	0.0	0.0	0.0	0.0	0.0	0.0	0.0	0.0	0.0	0.0	0.0	0.0	0.0	0.0	0.0	0.0	0.0	0.0	0.0	0.0	0.0	0.0	0.0	0.0	0.0	0.0	0.0	0.0	0.0	0.0	0.0	0.0	0.0	0.0	0.0	0.0	0.0	0.003105590062111801	0.00016545334215751158	0.0	0.0	43.48	0.43	130
300479609	4	4	4	4	3	4	398	19	20.94736842105263	5.21	78	0.27386934673366836	0.015896164503427155	0.09045226130653267	0.00565149136577708	0.04020100502512563	0.0027210884353741495	0.007537688442211055	0.0006166495375128469	0.007537688442211055	0.0006984866123399302	0.002512562814070352	0.00024378352023403217	0.0	0.0	0.002512562814070352	0.0002924831822170225	0.0	0.0	0.0	0.0	0.0	0.0	0.0	0.0	0.0	0.0	0.0	0.0	0.0	0.0	0.0	0.0	0.0	0.0	0.0	0.0	0.0	0.0	0.0	0.0	0.0	0.0	0.0	0.0	0.0	0.0	0.0	0.0	0.0	0.0	0.0	0.0	0.0	0.0	0.002512562814070352	0.00016545334215751158	0.0	0.0	52.05	0.52	190
